........................................................................ [  2%]
........................................................................ [  4%]
........................................................................ [  6%]
........................................................................ [  8%]
........................................................................ [ 10%]
........................................................................ [ 12%]
.......................................................................F [ 14%]
FFFFFFFF............FF..FFFFF......F..................................FF [ 16%]
..........................F.....F............FF......................F.. [ 18%]
........................................................................ [ 20%]
..........FF............................................................ [ 22%]
..F........................F............................................ [ 24%]
......................................F................................. [ 27%]
........................................................................ [ 29%]
.......................................................F.FFFFFFFF....... [ 31%]
..........................................FFFFF.....................FFFF [ 33%]
FF...................................................................... [ 35%]
........................................................................ [ 37%]
................FFFF......F...FF.FFF.................................... [ 39%]
.....................................................FF............FFFFF [ 41%]
......FF..................................................FF....FFFF.... [ 43%]
...........................................F............................ [ 45%]
......................................F................................. [ 47%]
........................................................................ [ 49%]
.................F...................................................... [ 51%]
........................................................................ [ 54%]
..................................................FF.F.................. [ 56%]
.....................................................FF......F.......... [ 58%]
........................................................................ [ 60%]
.F...................................................................... [ 62%]
........................................................................ [ 64%]
........................................................................ [ 66%]
........................................................................ [ 68%]
........................................................................ [ 70%]
....................F.....F.....................F....................... [ 72%]
........................................................................ [ 74%]
........................................................................ [ 76%]
........................................................................ [ 79%]
........................................................................ [ 81%]
.....................................................................F.F [ 83%]
...F.....F.............................................................. [ 85%]
......................FFFFF.FFF......................................... [ 87%]
.....................................................................FF. [ 89%]
.FF..................................................................... [ 91%]
........................................................................ [ 93%]
........................................................................ [ 95%]
........................................................................ [ 97%]
...........................................................FFF.FF....... [ 99%]
.......                                                                  [100%]
=================================== FAILURES ===================================
_ test_inventory_needs_visible_subject_and_all_declared_names[names0-Aurora MCP] _

subject = 'Aurora MCP', names = ('fetch_item', 'queue_work')

    @pytest.mark.parametrize("subject", ["Aurora MCP", "KestrelService", "Delta Bridge"])
    @pytest.mark.parametrize("names", [("fetch_item", "queue_work"), ("read_state", "write_state", "clear_state")])
    def test_inventory_needs_visible_subject_and_all_declared_names(subject, names):
        plan = _plan(f"Which public tools does {subject} expose?")
        listing = ", ".join(f"`{name}`" for name in names)
        complete = f"{subject} exposes exactly {len(names)} public tools: {listing}."
        decision = _coverage(plan, complete)
>       assert decision.as_payload()["recognized_component_status"] == "full"
E       AssertionError: assert 'unavailable' == 'full'
E         
E         - full
E         + unavailable

tests/docs/test_component_completeness.py:36: AssertionError
_ test_inventory_needs_visible_subject_and_all_declared_names[names0-KestrelService] _

subject = 'KestrelService', names = ('fetch_item', 'queue_work')

    @pytest.mark.parametrize("subject", ["Aurora MCP", "KestrelService", "Delta Bridge"])
    @pytest.mark.parametrize("names", [("fetch_item", "queue_work"), ("read_state", "write_state", "clear_state")])
    def test_inventory_needs_visible_subject_and_all_declared_names(subject, names):
        plan = _plan(f"Which public tools does {subject} expose?")
        listing = ", ".join(f"`{name}`" for name in names)
        complete = f"{subject} exposes exactly {len(names)} public tools: {listing}."
        decision = _coverage(plan, complete)
>       assert decision.as_payload()["recognized_component_status"] == "full"
E       AssertionError: assert 'unavailable' == 'full'
E         
E         - full
E         + unavailable

tests/docs/test_component_completeness.py:36: AssertionError
_ test_inventory_needs_visible_subject_and_all_declared_names[names0-Delta Bridge] _

subject = 'Delta Bridge', names = ('fetch_item', 'queue_work')

    @pytest.mark.parametrize("subject", ["Aurora MCP", "KestrelService", "Delta Bridge"])
    @pytest.mark.parametrize("names", [("fetch_item", "queue_work"), ("read_state", "write_state", "clear_state")])
    def test_inventory_needs_visible_subject_and_all_declared_names(subject, names):
        plan = _plan(f"Which public tools does {subject} expose?")
        listing = ", ".join(f"`{name}`" for name in names)
        complete = f"{subject} exposes exactly {len(names)} public tools: {listing}."
        decision = _coverage(plan, complete)
>       assert decision.as_payload()["recognized_component_status"] == "full"
E       AssertionError: assert 'unavailable' == 'full'
E         
E         - full
E         + unavailable

tests/docs/test_component_completeness.py:36: AssertionError
_ test_inventory_needs_visible_subject_and_all_declared_names[names1-Aurora MCP] _

subject = 'Aurora MCP', names = ('read_state', 'write_state', 'clear_state')

    @pytest.mark.parametrize("subject", ["Aurora MCP", "KestrelService", "Delta Bridge"])
    @pytest.mark.parametrize("names", [("fetch_item", "queue_work"), ("read_state", "write_state", "clear_state")])
    def test_inventory_needs_visible_subject_and_all_declared_names(subject, names):
        plan = _plan(f"Which public tools does {subject} expose?")
        listing = ", ".join(f"`{name}`" for name in names)
        complete = f"{subject} exposes exactly {len(names)} public tools: {listing}."
        decision = _coverage(plan, complete)
>       assert decision.as_payload()["recognized_component_status"] == "full"
E       AssertionError: assert 'unavailable' == 'full'
E         
E         - full
E         + unavailable

tests/docs/test_component_completeness.py:36: AssertionError
_ test_inventory_needs_visible_subject_and_all_declared_names[names1-KestrelService] _

subject = 'KestrelService', names = ('read_state', 'write_state', 'clear_state')

    @pytest.mark.parametrize("subject", ["Aurora MCP", "KestrelService", "Delta Bridge"])
    @pytest.mark.parametrize("names", [("fetch_item", "queue_work"), ("read_state", "write_state", "clear_state")])
    def test_inventory_needs_visible_subject_and_all_declared_names(subject, names):
        plan = _plan(f"Which public tools does {subject} expose?")
        listing = ", ".join(f"`{name}`" for name in names)
        complete = f"{subject} exposes exactly {len(names)} public tools: {listing}."
        decision = _coverage(plan, complete)
>       assert decision.as_payload()["recognized_component_status"] == "full"
E       AssertionError: assert 'unavailable' == 'full'
E         
E         - full
E         + unavailable

tests/docs/test_component_completeness.py:36: AssertionError
_ test_inventory_needs_visible_subject_and_all_declared_names[names1-Delta Bridge] _

subject = 'Delta Bridge', names = ('read_state', 'write_state', 'clear_state')

    @pytest.mark.parametrize("subject", ["Aurora MCP", "KestrelService", "Delta Bridge"])
    @pytest.mark.parametrize("names", [("fetch_item", "queue_work"), ("read_state", "write_state", "clear_state")])
    def test_inventory_needs_visible_subject_and_all_declared_names(subject, names):
        plan = _plan(f"Which public tools does {subject} expose?")
        listing = ", ".join(f"`{name}`" for name in names)
        complete = f"{subject} exposes exactly {len(names)} public tools: {listing}."
        decision = _coverage(plan, complete)
>       assert decision.as_payload()["recognized_component_status"] == "full"
E       AssertionError: assert 'unavailable' == 'full'
E         
E         - full
E         + unavailable

tests/docs/test_component_completeness.py:36: AssertionError
____ test_recognized_components_survive_unknown_clauses_in_every_order[en] _____

language = 'en'

    @pytest.mark.parametrize("language", ["en", "ru"])
    def test_recognized_components_survive_unknown_clauses_in_every_order(language):
        inventory = {
            "en": "Which public tools does Aurora MCP expose?",
            "ru": "Какие публичные инструменты предоставляет Aurora MCP?",
        }[language]
        unknown = {
            "en": "Explain the orbital ledger warranty?",
            "ru": "Объясните гарантию орбитального реестра?",
        }[language]
        for clauses in permutations((inventory, unknown)):
            for separator in (" ", "; "):
                question = separator.join(clauses)
                parsed = compile_question_plan(question)
                contract = build_project_answer_contract(question)
                plan = _plan(question)
                assert len(parsed.facets) == len(contract.proof_obligations) == 1
                assert parsed.unresolved_parts and contract.unresolved_parts
                assert contract.proof_obligations[0].subject == "Aurora MCP"
                decision = _coverage(plan, "Aurora MCP exposes exactly two public tools: `fetch_item`, `queue_work`.")
>               assert decision.status == "partial"
E               AssertionError: assert 'unavailable' == 'partial'
E                 
E                 - partial
E                 + unavailable

tests/docs/test_component_completeness.py:89: AssertionError
____ test_recognized_components_survive_unknown_clauses_in_every_order[ru] _____

language = 'ru'

    @pytest.mark.parametrize("language", ["en", "ru"])
    def test_recognized_components_survive_unknown_clauses_in_every_order(language):
        inventory = {
            "en": "Which public tools does Aurora MCP expose?",
            "ru": "Какие публичные инструменты предоставляет Aurora MCP?",
        }[language]
        unknown = {
            "en": "Explain the orbital ledger warranty?",
            "ru": "Объясните гарантию орбитального реестра?",
        }[language]
        for clauses in permutations((inventory, unknown)):
            for separator in (" ", "; "):
                question = separator.join(clauses)
                parsed = compile_question_plan(question)
                contract = build_project_answer_contract(question)
                plan = _plan(question)
                assert len(parsed.facets) == len(contract.proof_obligations) == 1
                assert parsed.unresolved_parts and contract.unresolved_parts
                assert contract.proof_obligations[0].subject == "Aurora MCP"
                decision = _coverage(plan, "Aurora MCP exposes exactly two public tools: `fetch_item`, `queue_work`.")
>               assert decision.status == "partial"
E               AssertionError: assert 'unavailable' == 'partial'
E                 
E                 - partial
E                 + unavailable

tests/docs/test_component_completeness.py:89: AssertionError
_ test_component_rewrites_are_bounded_clause_local_and_never_original_attribution _

    def test_component_rewrites_are_bounded_clause_local_and_never_original_attribution():
        clauses = (
            "Как установить AuroraClient?",
            "Как проверить установку AuroraClient?",
            "Когда использовать queue_work?",
        )
        for ordered in permutations(clauses):
            question = " ".join((*ordered, "Объясните орбитальную гарантию?"))
            plan = _plan(question)
            rewrites = [row for row in plan["queries"] if row["origin"] == "component_rewrite"]
>           assert len(rewrites) == 3
E           assert 0 == 3
E            +  where 0 = len([])

tests/docs/test_component_completeness.py:104: AssertionError
_________ test_query_plan_component_contract_preserves_surface_fields __________

    def test_query_plan_component_contract_preserves_surface_fields():
        requirement = SimpleNamespace(
            obligation_id="project_answer:verify", mandatory=True, kind="condition",
            query_span_start=18, query_span_end=26, query_span_text="must not",
            subject="verify_install", attribute="status", relation="must not skip",
            target="health check", expected_value="PASS", response_mode="workflow",
        )
        plan = build_documentation_query_plan(
            "Install locally; must not skip verification",
            requirements=SimpleNamespace(
                proof_obligations=(requirement,), retrieval_hints=(), concept_queries=(), unresolved_parts=(),
            ),
        ).as_payload()
>       assert plan["_component_contract"] == [{
            "component_id": "project_answer:verify", "query_span_start": 18,
            "query_span_end": 26, "query_span_text": "must not", "subject": "verify_install",
            "attribute": "status", "relation": "must not skip", "target": "health check",
            "obligation_kind": "condition", "expected_value": "PASS",
            "response_mode": "workflow", "subject_aliases": (),
        }]
E       AssertionError: assert [] == [{'attribute'...dition', ...}]
E         
E         Right contains one more item: {'attribute': 'status', 'component_id': 'project_answer:verify', 'expected_value': 'PASS', 'obligation_kind': 'condition', ...}
E         Use -v to get more diff

tests/docs/test_component_coverage.py:165: AssertionError
__________ test_query_plan_components_come_from_real_answer_contract ___________

    def test_query_plan_components_come_from_real_answer_contract():
        question = "What are the public tools of the Docs MCP server?"
        contract = build_project_answer_contract(question)
        payload = build_documentation_query_plan(question, requirements=contract).as_payload()
    
        assert contract.proof_obligations
>       assert {row["component_id"] for row in payload["_component_contract"]} == {
            obligation.obligation_id
            for obligation in contract.proof_obligations
            if obligation.mandatory
        }
E       AssertionError: assert set() == {'project_ans...97c6d74f8afd'}
E         
E         Extra items in the right set:
E         'project_answer:0:inventory:efff97c6d74f8afd'
E         Use -v to get more diff

tests/docs/test_component_coverage.py:180: AssertionError
_ test_visible_component_novelty_follows_exact_constraints_before_public_queries[None] _

loss = None

    @pytest.mark.parametrize("loss", [None, "clip", "projection_clip", "budget", "unknown"])
    def test_visible_component_novelty_follows_exact_constraints_before_public_queries(loss):
        question = "What should I read in OrionRepo and what should I test?"
        plan = build_documentation_query_plan(
            question, requirements=build_requirements(question, profile="project_docs_answer"),
        ).as_payload()
        # Use a compact public plan to put four competing sources under the real cap.
        plan.update(
            public_query_ids=["query-anchor", "query-original", "query-lookup-1"],
            queries=[
                {"query_id": "query-anchor", "text": "EXACT_KEY", "origin": "exact_anchor"},
                {"query_id": "query-original", "text": "contributor overview", "origin": "original"},
                {"query_id": "query-lookup-1", "text": "general background", "origin": "host_lookup"},
            ],
        )
        reading = "For OrionRepo, first read README.md, then read docs/architecture.md."
        testing = "For OrionRepo, run pytest tests/docs before opening a pull request."
        components = {row["relation"]: row["component_id"] for row in plan["_component_contract"]}
    
        def source(identity, content, matches):
            return {
                "stable_id": identity, "source_class": "project_doc", "path": f"docs/{identity}.md",
                "content": content, "project_identity": "repo", "authority": "source_of_truth",
                "freshness": "current", "index_freshness": "synchronized", "lifecycle_status": "active",
                "line_start": 1, "retrieval_query_matches": matches,
            }
    
        candidates = [
            source("reading", reading + " Contributor overview.", {"query-original": {"query_text": "contributor overview"}}),
            source("duplicate", reading + " General background.", {"query-lookup-1": {"query_text": "general background"}}),
>           source("testing", testing, {components["testing"]: {"query_text": "OrionRepo testing"}}),
                                        ^^^^^^^^^^^^^^^^^^^^^
            source("exact", "EXACT_KEY selects the local contributor configuration.", {"query-anchor": {"query_text": "EXACT_KEY"}}),
        ]
E       KeyError: 'testing'

tests/docs/test_component_coverage.py:252: KeyError
_ test_visible_component_novelty_follows_exact_constraints_before_public_queries[clip] _

loss = 'clip'

    @pytest.mark.parametrize("loss", [None, "clip", "projection_clip", "budget", "unknown"])
    def test_visible_component_novelty_follows_exact_constraints_before_public_queries(loss):
        question = "What should I read in OrionRepo and what should I test?"
        plan = build_documentation_query_plan(
            question, requirements=build_requirements(question, profile="project_docs_answer"),
        ).as_payload()
        # Use a compact public plan to put four competing sources under the real cap.
        plan.update(
            public_query_ids=["query-anchor", "query-original", "query-lookup-1"],
            queries=[
                {"query_id": "query-anchor", "text": "EXACT_KEY", "origin": "exact_anchor"},
                {"query_id": "query-original", "text": "contributor overview", "origin": "original"},
                {"query_id": "query-lookup-1", "text": "general background", "origin": "host_lookup"},
            ],
        )
        reading = "For OrionRepo, first read README.md, then read docs/architecture.md."
        testing = "For OrionRepo, run pytest tests/docs before opening a pull request."
        components = {row["relation"]: row["component_id"] for row in plan["_component_contract"]}
    
        def source(identity, content, matches):
            return {
                "stable_id": identity, "source_class": "project_doc", "path": f"docs/{identity}.md",
                "content": content, "project_identity": "repo", "authority": "source_of_truth",
                "freshness": "current", "index_freshness": "synchronized", "lifecycle_status": "active",
                "line_start": 1, "retrieval_query_matches": matches,
            }
    
        candidates = [
            source("reading", reading + " Contributor overview.", {"query-original": {"query_text": "contributor overview"}}),
            source("duplicate", reading + " General background.", {"query-lookup-1": {"query_text": "general background"}}),
>           source("testing", testing, {components["testing"]: {"query_text": "OrionRepo testing"}}),
                                        ^^^^^^^^^^^^^^^^^^^^^
            source("exact", "EXACT_KEY selects the local contributor configuration.", {"query-anchor": {"query_text": "EXACT_KEY"}}),
        ]
E       KeyError: 'testing'

tests/docs/test_component_coverage.py:252: KeyError
_ test_visible_component_novelty_follows_exact_constraints_before_public_queries[projection_clip] _

loss = 'projection_clip'

    @pytest.mark.parametrize("loss", [None, "clip", "projection_clip", "budget", "unknown"])
    def test_visible_component_novelty_follows_exact_constraints_before_public_queries(loss):
        question = "What should I read in OrionRepo and what should I test?"
        plan = build_documentation_query_plan(
            question, requirements=build_requirements(question, profile="project_docs_answer"),
        ).as_payload()
        # Use a compact public plan to put four competing sources under the real cap.
        plan.update(
            public_query_ids=["query-anchor", "query-original", "query-lookup-1"],
            queries=[
                {"query_id": "query-anchor", "text": "EXACT_KEY", "origin": "exact_anchor"},
                {"query_id": "query-original", "text": "contributor overview", "origin": "original"},
                {"query_id": "query-lookup-1", "text": "general background", "origin": "host_lookup"},
            ],
        )
        reading = "For OrionRepo, first read README.md, then read docs/architecture.md."
        testing = "For OrionRepo, run pytest tests/docs before opening a pull request."
        components = {row["relation"]: row["component_id"] for row in plan["_component_contract"]}
    
        def source(identity, content, matches):
            return {
                "stable_id": identity, "source_class": "project_doc", "path": f"docs/{identity}.md",
                "content": content, "project_identity": "repo", "authority": "source_of_truth",
                "freshness": "current", "index_freshness": "synchronized", "lifecycle_status": "active",
                "line_start": 1, "retrieval_query_matches": matches,
            }
    
        candidates = [
            source("reading", reading + " Contributor overview.", {"query-original": {"query_text": "contributor overview"}}),
            source("duplicate", reading + " General background.", {"query-lookup-1": {"query_text": "general background"}}),
>           source("testing", testing, {components["testing"]: {"query_text": "OrionRepo testing"}}),
                                        ^^^^^^^^^^^^^^^^^^^^^
            source("exact", "EXACT_KEY selects the local contributor configuration.", {"query-anchor": {"query_text": "EXACT_KEY"}}),
        ]
E       KeyError: 'testing'

tests/docs/test_component_coverage.py:252: KeyError
_ test_visible_component_novelty_follows_exact_constraints_before_public_queries[budget] _

loss = 'budget'

    @pytest.mark.parametrize("loss", [None, "clip", "projection_clip", "budget", "unknown"])
    def test_visible_component_novelty_follows_exact_constraints_before_public_queries(loss):
        question = "What should I read in OrionRepo and what should I test?"
        plan = build_documentation_query_plan(
            question, requirements=build_requirements(question, profile="project_docs_answer"),
        ).as_payload()
        # Use a compact public plan to put four competing sources under the real cap.
        plan.update(
            public_query_ids=["query-anchor", "query-original", "query-lookup-1"],
            queries=[
                {"query_id": "query-anchor", "text": "EXACT_KEY", "origin": "exact_anchor"},
                {"query_id": "query-original", "text": "contributor overview", "origin": "original"},
                {"query_id": "query-lookup-1", "text": "general background", "origin": "host_lookup"},
            ],
        )
        reading = "For OrionRepo, first read README.md, then read docs/architecture.md."
        testing = "For OrionRepo, run pytest tests/docs before opening a pull request."
        components = {row["relation"]: row["component_id"] for row in plan["_component_contract"]}
    
        def source(identity, content, matches):
            return {
                "stable_id": identity, "source_class": "project_doc", "path": f"docs/{identity}.md",
                "content": content, "project_identity": "repo", "authority": "source_of_truth",
                "freshness": "current", "index_freshness": "synchronized", "lifecycle_status": "active",
                "line_start": 1, "retrieval_query_matches": matches,
            }
    
        candidates = [
            source("reading", reading + " Contributor overview.", {"query-original": {"query_text": "contributor overview"}}),
            source("duplicate", reading + " General background.", {"query-lookup-1": {"query_text": "general background"}}),
>           source("testing", testing, {components["testing"]: {"query_text": "OrionRepo testing"}}),
                                        ^^^^^^^^^^^^^^^^^^^^^
            source("exact", "EXACT_KEY selects the local contributor configuration.", {"query-anchor": {"query_text": "EXACT_KEY"}}),
        ]
E       KeyError: 'testing'

tests/docs/test_component_coverage.py:252: KeyError
_ test_visible_component_novelty_follows_exact_constraints_before_public_queries[unknown] _

loss = 'unknown'

    @pytest.mark.parametrize("loss", [None, "clip", "projection_clip", "budget", "unknown"])
    def test_visible_component_novelty_follows_exact_constraints_before_public_queries(loss):
        question = "What should I read in OrionRepo and what should I test?"
        plan = build_documentation_query_plan(
            question, requirements=build_requirements(question, profile="project_docs_answer"),
        ).as_payload()
        # Use a compact public plan to put four competing sources under the real cap.
        plan.update(
            public_query_ids=["query-anchor", "query-original", "query-lookup-1"],
            queries=[
                {"query_id": "query-anchor", "text": "EXACT_KEY", "origin": "exact_anchor"},
                {"query_id": "query-original", "text": "contributor overview", "origin": "original"},
                {"query_id": "query-lookup-1", "text": "general background", "origin": "host_lookup"},
            ],
        )
        reading = "For OrionRepo, first read README.md, then read docs/architecture.md."
        testing = "For OrionRepo, run pytest tests/docs before opening a pull request."
        components = {row["relation"]: row["component_id"] for row in plan["_component_contract"]}
    
        def source(identity, content, matches):
            return {
                "stable_id": identity, "source_class": "project_doc", "path": f"docs/{identity}.md",
                "content": content, "project_identity": "repo", "authority": "source_of_truth",
                "freshness": "current", "index_freshness": "synchronized", "lifecycle_status": "active",
                "line_start": 1, "retrieval_query_matches": matches,
            }
    
        candidates = [
            source("reading", reading + " Contributor overview.", {"query-original": {"query_text": "contributor overview"}}),
            source("duplicate", reading + " General background.", {"query-lookup-1": {"query_text": "general background"}}),
>           source("testing", testing, {components["testing"]: {"query_text": "OrionRepo testing"}}),
                                        ^^^^^^^^^^^^^^^^^^^^^
            source("exact", "EXACT_KEY selects the local contributor configuration.", {"query-anchor": {"query_text": "EXACT_KEY"}}),
        ]
E       KeyError: 'testing'

tests/docs/test_component_coverage.py:252: KeyError
____ test_disconnected_component_windows_cannot_replace_an_accepted_witness ____

    def test_disconnected_component_windows_cannot_replace_an_accepted_witness():
        question = "What should I read in OrionRepo and what should I test?"
        plan = build_documentation_query_plan(
            question, requirements=build_requirements(question, profile="project_docs_answer"),
        ).as_payload()
        reading = "For OrionRepo, first read README.md, then read docs/architecture.md."
        testing = "For OrionRepo, run pytest tests/docs before opening a pull request."
        text = reading + "\n\n" + "Unrelated background. " * 60 + "\n\n" + testing
        diagnostics = {}
        projection, snapshot = project_docs_context(retrieval={
            "documentation_query_plan": plan,
            "context_pack": [{
                "stable_id": "one-document", "source_class": "project_doc", "path": "docs/guide.md",
                "project_identity": "repo", "content": text, "line_start": 1,
                "authority": "source_of_truth", "lifecycle_status": "active",
            }],
        }, selection_diagnostics=diagnostics)
>       assert len(projection["sources"]) == 1
                   ^^^^^^^^^^^^^^^^^^^^^
E       KeyError: 'sources'

tests/docs/test_component_coverage.py:326: KeyError
______ test_broad_intent_suppresses_mandatory_proof_queries_for_retrieval ______

    def test_broad_intent_suppresses_mandatory_proof_queries_for_retrieval():
        plan = build_documentation_query_plan(
            "Какие первые команды выполнить после установки?",
            requirements=(),
        )
    
        canonical = [item for item in plan.queries if item.origin == "canonical_intent"]
        original = next(item for item in plan.queries if item.origin == "original")
>       assert canonical
E       assert []

tests/docs/test_context7_style_project_chat.py:152: AssertionError
_____ test_canonical_intent_can_carry_bounded_context_without_answer_proof _____

    def test_canonical_intent_can_carry_bounded_context_without_answer_proof():
        question = "Как установить проект локально и проверить запуск?"
        plan = build_documentation_query_plan(question, requirements=())
>       canonical = next(
            item for item in plan.queries if item.origin == "canonical_intent"
        )
E       StopIteration

tests/docs/test_context7_style_project_chat.py:168: StopIteration
__ test_current_docatlas_index_persists_across_service_restart_without_resync __

tmp_path = PosixPath('/tmp/pytest-of-viadmin/pytest-64/test_current_docatlas_index_pe0')
monkeypatch = <_pytest.monkeypatch.MonkeyPatch object at 0x7f2a87451860>

    def test_current_docatlas_index_persists_across_service_restart_without_resync(
        tmp_path, monkeypatch,
    ):
        from docmancer.agent import DocmancerAgent
        from docmancer.core.config_resolution import resolve_config
        from docmancer.docs.application.docs_job_service import DocsJobTracker
        from docmancer.docs.registry import LibraryRegistry
        from docmancer.docs.service import LibraryDocsService
        from docmancer.mcp.docs_server import call_docs_tool_payload
    
        project = tmp_path / "project"
        project.mkdir()
        (project / "README.md").write_text(
            """# Local installation setup verification getting started
    
    Install the project locally with `pipx install sample-project`.
    Verify the installation with `sample-project --help`.
    """,
            encoding="utf-8",
        )
        (project / "docatlas.project-docs.yaml").write_text(
            """schema_version: 1
    documents:
      - path: README.md
        role: overview
        scope: project
        description: Installation and verification guide.
        authority: source_of_truth
        status: active
        impact: track
    """,
            encoding="utf-8",
        )
        (project / "docatlas.yaml").write_text(
            """index:
      provider: sqlite
      db_path: .docatlas/docatlas.db
      extracted_dir: .docatlas/extracted
    query:
      default_budget: 800
      default_limit: 5
      default_expand: none
    project:
      documentation_roots:
        - .
    """,
            encoding="utf-8",
        )
        monkeypatch.setenv("DOCATLAS_HOME", str(project / ".docatlas"))
    
        resolved = resolve_config(project_path=project)
        first_agent = DocmancerAgent(config=resolved.config)
        first = LibraryDocsService(
            config=resolved.config,
            config_source=resolved.source,
            config_path=resolved.path,
            registry=LibraryRegistry(resolved.config.index.db_path),
            agent=first_agent,
            job_tracker=DocsJobTracker(db_path=resolved.config.index.db_path),
        )
        sync = first.sync_project_docs(str(project), with_vectors=False)
        assert sync.status == "success"
        first_stats = first_agent.collection_stats()
        first_generation = first_agent.store.generation_info()
        assert first_stats["sources_count"] == 1
        assert first_stats["sections_count"] >= 1
        assert first_generation is not None
    
        # Simulate a fresh MCP/service process against only the current .docatlas DB.
        reopened = resolve_config(project_path=project)
        second_agent = DocmancerAgent(config=reopened.config)
        second = LibraryDocsService(
            config=reopened.config,
            config_source=reopened.source,
            config_path=reopened.path,
            registry=LibraryRegistry(reopened.config.index.db_path),
            agent=second_agent,
            job_tracker=DocsJobTracker(db_path=reopened.config.index.db_path),
        )
        assert second_agent.collection_stats() == first_stats
        assert second_agent.store.generation_info() == first_generation
    
        result = call_docs_tool_payload(
            "get_docs_context",
            {
                "question": "Как установить проект локально и проверить запуск?",
                "project_path": str(project),
            },
            second,
        )
    
>       assert result["status"] == "ok"
E       AssertionError: assert 'insufficient_evidence' == 'ok'
E         
E         - ok
E         + insufficient_evidence

tests/docs/test_context7_style_project_chat.py:432: AssertionError
_____ test_priority_rule_available_in_first_packet_or_one_registered_read ______

tmp_path = PosixPath('/tmp/pytest-of-viadmin/pytest-64/test_priority_rule_available_i0')

    def test_priority_rule_available_in_first_packet_or_one_registered_read(tmp_path):
        _, cases, manifest = load_protocol()
        case = next(c for c in cases if c["id"] == "mkdocs-05")
        docs = documents_for("mkdocs", manifest)
        root = tmp_path / "project"
        write_project(root, docs)
        fact = case["required_claims"][0]["witness_sets"][0]["parts"][0]["text"]
        with isolated_service(tmp_path / "state") as (service, config):
            index_project(service, config, root)
            payload, trace = observe_call(service, {
                "question": case["question"], "project_path": str(root), "scope": "all",
            })
            assert audit_payload(payload, trace["snapshot"], root) == []
            first = [s["snippet"] for s in payload.get("sources", [])]
            reads = []
            if not any(fact in text for text in first):
>               assert len(payload["read_next"]) == 1
E               assert 0 == 1
E                +  where 0 = len([])

tests/docs/test_context_completion_followup.py:70: AssertionError
______ test_new_hints_do_not_change_original_constraints_or_optional_cap _______

    def test_new_hints_do_not_change_original_constraints_or_optional_cap():
        question = "Как resource cache не удаляет `CACHE_DIR`, если event stream остановлен?"
        plan = build_documentation_query_plan(question)
        assert plan.original_question == question
        assert plan.queries[0].text == question
        hints = [q for q in plan.queries if q.text in mixed_script_phrases(question)]
>       assert hints
E       assert []

tests/docs/test_context_completion_guards.py:44: AssertionError
_____ test_empty_packet_only_gains_inspection_not_support_or_source_quotes _____

empty_seed = ({'answer_available': False, 'answer_supported': False, 'context_available': False, 'context_quality': {'reasons': ['s...'answer_supported': False, ...}, PosixPath('/tmp/pytest-of-viadmin/pytest-64/test_empty_packet_only_gains_i0/project'))

    def test_empty_packet_only_gains_inspection_not_support_or_source_quotes(empty_seed):
        p, s, r, _ = empty_seed
        before = deepcopy((p, s))
        out, bound = select_query_block_recovery(p, s, deepcopy(r), max_tokens=800)
>       assert out["read_next"]
E       assert []

tests/docs/test_context_completion_guards.py:69: AssertionError
_____________ test_trial_reads_no_files_and_registers_no_resources _____________

empty_seed = ({'answer_available': False, 'answer_supported': False, 'context_available': False, 'context_quality': {'reasons': ['s...'answer_supported': False, ...}, PosixPath('/tmp/pytest-of-viadmin/pytest-64/test_trial_reads_no_files_and_0/project'))
monkeypatch = <_pytest.monkeypatch.MonkeyPatch object at 0x7f2a87451860>

    def test_trial_reads_no_files_and_registers_no_resources(empty_seed, monkeypatch):
        from docmancer.docs.application.source_continuation import SourceContinuationReader
        p, s, r, _ = deepcopy(empty_seed)
        def forbidden(*a, **kw):
            raise AssertionError("trial performed I/O or registered resources")
        for method in ("issue", "issue_range"):
            monkeypatch.setattr(SourceContinuationReader, method, forbidden)
        monkeypatch.setattr(Path, "read_text", forbidden)
        monkeypatch.setattr(Path, "read_bytes", forbidden)
        out, _ = select_query_block_recovery(p, s, r, max_tokens=800)
>       assert out["read_next"]
E       assert []

tests/docs/test_context_completion_guards.py:153: AssertionError
_ test_frozen_architecture_infrastructure_boundary_enters_retrieval_candidates _

    def test_frozen_architecture_infrastructure_boundary_enters_retrieval_candidates():
        from eval.project_context_quality_v2_protocol import evaluate_case, load_cases
        from scripts.run_project_docs_self_host_gate import LiveCase, run
    
        case = next(row for row in load_cases() if row["id"] == "v2-natural-architecture")
        result = run(cases=(LiveCase(
            case_id=case["id"], question=case["question"], relevant_paths=(),
            lookup_queries=tuple(case["lookup_queries"]), scope=case["scope"],
        ),), negative_cases=())
        payload = result["results"][0]["payload"]
        verdict = evaluate_case(case, payload)
>       assert "docs/modules/project-context-retrieval.md" in {
            source["path_or_url"] for source in payload["sources"]
        }
E       AssertionError: assert 'docs/modules/project-context-retrieval.md' in {'docs/PROJECT_MAP.md', 'docs/modules/question-planning.md'}

tests/docs/test_context_projection_boundaries.py:212: AssertionError
______ test_frozen_request_flow_prefers_project_context_module_witnesses _______

    def test_frozen_request_flow_prefers_project_context_module_witnesses():
        from eval.project_context_quality_v2_protocol import evaluate_case, load_cases
        from scripts.run_project_docs_self_host_gate import LiveCase, run
    
        case = next(row for row in load_cases() if row["id"] == "v2-natural-request-flow")
        result = run(cases=(LiveCase(
            case_id=case["id"], question=case["question"], relevant_paths=(),
            lookup_queries=tuple(case["lookup_queries"]), scope=case["scope"],
        ),), negative_cases=())
        payload = result["results"][0]["payload"]
        verdict = evaluate_case(case, payload)
        assert "docs/modules/project-context-retrieval.md" in {
            source["path_or_url"] for source in payload["sources"]
        }
>       assert all(row["met"] for row in verdict["obligations"]), verdict["obligations"]
E       AssertionError: [{'id': 'flow_mcp', 'lookup_query_ids': ['query-lookup-1'], 'met': False, 'visible_witnesses': []}, {'id': 'flow_appli...tnesses': []}, {'id': 'flow_selection', 'lookup_query_ids': ['query-lookup-3'], 'met': False, 'visible_witnesses': []}]
E       assert False
E        +  where False = all(<generator object test_frozen_request_flow_prefers_project_context_module_witnesses.<locals>.<genexpr> at 0x7f2a8611bed0>)

tests/docs/test_context_projection_boundaries.py:236: AssertionError
___ test_old_inspection_uri_survives_replacement_of_unissued_draft_locators ____

tmp_path = PosixPath('/tmp/pytest-of-viadmin/pytest-64/test_old_inspection_uri_surviv0')

    def test_old_inspection_uri_survives_replacement_of_unissued_draft_locators(tmp_path):
        from unittest.mock import patch
        import json
        from docmancer.mcp.docs_server import read_docs_resource
        _, cases, manifest = load_protocol()
        case = next(c for c in cases if c['id'] == 'mkdocs-05')
        docs = documents_for('mkdocs', manifest)
        root = tmp_path / 'project'
        write_project(root, docs)
        request = {'question': case['question'], 'project_path': str(root), 'scope': 'all'}
        with isolated_service(tmp_path / 'state') as (service, config):
            index_project(service, config, root)
            # Force the old draft shape only on the first call. Otherwise early
            # delivery already supplies the rule and both calls issue the same
            # idempotent, single-use continuation: that is not a replacement test.
            with (patch('docmancer.docs.application.query_block_recovery.select_query_block_recovery',
                        side_effect=lambda p, b, r, **kw: (p, b)),
                  patch('docmancer.docs.application.need_context_projection.precedence_context_variants',
                        side_effect=lambda *args, **kwargs: iter(()))):
                before, _ = observe_call(service, request)
            if before.get('read_next'):
                old = before['read_next'][0]
            else:
>               source = next(s for s in before['sources'] if s.get('source_uri'))
                                         ^^^^^^^^^^^^^^^^^
E               KeyError: 'sources'

tests/docs/test_contiguous_seed_envelope.py:99: KeyError
_ test_direct_docatlas_questions_15_visible_context_covers_all_required_facts __

    def test_direct_docatlas_questions_15_visible_context_covers_all_required_facts():
>       _assert_direct_15_sidecar()

tests/docs/test_direct_docatlas_questions_15.py:181: 
_ _ _ _ _ _ _ _ _ _ _ _ _ _ _ _ _ _ _ _ _ _ _ _ _ _ _ _ _ _ _ _ _ _ _ _ _ _ _ _ 

    def _assert_direct_15_sidecar() -> None:
        sidecar = _direct_15_payload()
        assert sidecar["baseline_commit"] == "e179471527e009c88f77acbdaeeeeb8ad1c8d316"
        assert sidecar["request_contract"] == {
            "scope": "all",
            "lookup_queries": "absent",
            "maximum_sources": 3,
            "maximum_estimated_tokens": 800,
        }
        assert [row["id"] for row in sidecar["cases"]] == [
            f"Q{index:02d}" for index in range(1, 16)
        ]
    
        for source_path, metadata in sidecar["sources"].items():
            path = _REPO_ROOT / source_path
            assert path.is_file(), source_path
>           assert _git_blob_sha(path) == metadata["git_blob_sha"], source_path
E           AssertionError: README.md
E           assert '9678dd4d10ca...e0db1c7539772' == '1a1975b2ffaf...cdb20e7a88468'
E             
E             - 1a1975b2ffaf587f3b752c1966acdb20e7a88468
E             + 9678dd4d10ca77856e33393ffa8e0db1c7539772

tests/docs/test_direct_docatlas_questions_15.py:45: AssertionError
_______ test_final_public_handler_preserves_quality_and_usable_reference _______

tmp_path = PosixPath('/tmp/pytest-of-viadmin/pytest-64/test_final_public_handler_pres0')

    def test_final_public_handler_preserves_quality_and_usable_reference(tmp_path):
        service = _real_service(tmp_path)
        args = {
            "question": "How does docs_status polling progress work?",
            "lookup_queries": ["docs_status polling progress"],
            "project_path": str(tmp_path),
            "scope": "all",
        }
        payload = call_docs_tool_payload("get_docs_context", args, service)
        assert payload["kind"] == "docs_context"
        assert payload["context_quality"]["status"] in {"unverified", "partial"}
>       assert len(payload["read_next"]) == 1
E       assert 0 == 1
E        +  where 0 = len([])

tests/docs/test_docs_context_read_next.py:51: AssertionError
______ test_sqlite_dispatcher_rescue_uses_real_chunk_identity_and_filters ______

rescue_case = namespace(rows=[RetrievedChunk(source='/tmp/pytest-of-viadmin/pytest-64/test_sqlite_dispatcher_rescue_0/docs/mcp.md', ...x7f2a85cccaf0>, gateway=<docmancer.docs.infrastructure.agent_index_gateway.AgentIndexGateway object at 0x7f2a88a280d0>)

    def test_sqlite_dispatcher_rescue_uses_real_chunk_identity_and_filters(rescue_case):
        case = rescue_case
        store = SQLiteStore(case.root / "rescue.db", case.root / "extracted")
        document = f"# Overview\n\n{OVERVIEW}\n\n# Public Tools\n\n{TOOLS}"
        metadata = {
            key: value for key, value in case.raw.metadata.items()
            if key not in {"stable_chunk_id", "parent_logical_id", "char_span", "line_span"}
        }
        metadata.update(
            format="markdown", chunking_schema="parent-child-v1",
            repository_identity=case.observed.project_identity,
            project_doc_content_hash=hashlib.sha256(document.encode()).hexdigest(),
        )
        case.docs = replace(case.docs, results=[replace(
            case.observed, content_hash=metadata["project_doc_content_hash"],
        )])
        store.add_documents([
            Document(source=case.observed.source, content=document, metadata=metadata),
            Document(source="other-project.md", content=TOOLS, metadata={
                **metadata, "project_identity": "other-project", "repository_identity": "other-project",
            }),
            Document(source="superseded.md", content=TOOLS, metadata={
                **metadata, "project_doc_path": "docs/superseded.md",
                "project_doc_lifecycle_status": "superseded", "lifecycle_status": "superseded",
            }),
        ], recreate=True)
        indexed_overview = store.query("local application boundary", limit=1, budget=480, filters={
            "project_identity": case.observed.project_identity,
        })[0]
        case.docs = replace(case.docs, results=[replace(
            case.docs.results[0], content=indexed_overview.text,
            stable_chunk_id=indexed_overview.metadata["stable_chunk_id"],
            parent_logical_id=indexed_overview.metadata["parent_logical_id"],
            display_content_hash=hashlib.sha256(indexed_overview.text.encode()).hexdigest(),
            char_start=indexed_overview.metadata["char_span"][0],
            char_end=indexed_overview.metadata["char_span"][1],
            line_start=indexed_overview.metadata["line_span"][0],
            line_end=indexed_overview.metadata["line_span"][1],
        )])
        config = DocmancerConfig()
        agent = SimpleNamespace(store=store, config=config)
        case.service.facade.agent_gateway = AgentIndexGateway(config, default_agent=agent)
        probe = case.service.facade.agent_gateway.search_document_components(
            case.observed.project_identity, case.root, [case.observed.path],
            [("tools", "Docs MCP public_tools public_tool")], budget=480,
        )
        assert {candidate.chunk.source for candidate in probe.candidates} == {case.observed.source}
        result = case.service.get_project_context(str(case.root), QUESTION)
    
        assert len(result.project_docs.results) == 2
        rescued = result.project_docs.results[-1]
        assert rescued.source == case.observed.source
        assert rescued.stable_chunk_id not in {None, "overview", "tools"}
        assert rescued.parent_logical_id
        assert rescued.char_end - rescued.char_start == len(rescued.content)
        assert rescued.metadata["document_local_rescue"]["query_plan_hash"]
        assert result.support_decision.answer_supported
        facade = SimpleNamespace(unified_context=UnifiedDocsContextService(SimpleNamespace(
            get_project_context=case.service.get_project_context,
        )))
        payload = call_docs_tool_payload("get_docs_context", {
            "question": QUESTION, "project_path": str(case.root),
        }, facade)
>       assert any(TOOLS in source["snippet"] for source in payload["sources"])
                                                            ^^^^^^^^^^^^^^^^^^
E       KeyError: 'sources'

tests/docs/test_document_local_rescue.py:334: KeyError
_______ test_read_and_test_rescue_survives_final_public_projection[None] _______

rescue_case = namespace(rows=[RetrievedChunk(source='/tmp/pytest-of-viadmin/pytest-64/test_read_and_test_rescue_surv0/docs/mcp.md', ...x7f2a85ccfca0>, gateway=<docmancer.docs.infrastructure.agent_index_gateway.AgentIndexGateway object at 0x7f2a85eaead0>)
monkeypatch = <_pytest.monkeypatch.MonkeyPatch object at 0x7f2a85ddc590>
loss = None

    @pytest.mark.parametrize("loss", [None, "drop", "clip", "stale", "foreign", "metadata_only", "unsafe", "parent_claim"])
    def test_read_and_test_rescue_survives_final_public_projection(rescue_case, monkeypatch, loss):
        case = rescue_case
        question = "What should I read in OrionRepo and what should I test?"
        reading = "For OrionRepo, first read README.md, then read docs/architecture.md."
        testing = "For OrionRepo, run pytest tests/docs before opening a pull request."
        content_hash = hashlib.sha256((reading + "\n" + testing).encode()).hexdigest()
        case.docs = replace(case.docs, query=question, results=[replace(
            case.observed, title="Contributor guide", content=reading,
            content_hash=content_hash, char_end=len(reading),
            display_content_hash=hashlib.sha256(reading.encode()).hexdigest(),
        )])
        case.rows = [case.raw.model_copy(update={"text": testing, "metadata": {
            **case.raw.metadata, "title": "Contributor checks", "stable_chunk_id": "testing",
            "project_doc_content_hash": content_hash,
            "char_span": [len(reading) + 1, len(reading) + 1 + len(testing)],
        }})]
        captured = {}
        project = context_tools.project_docs_context
    
        def capture_projection(**kwargs):
            projected = project(**kwargs)
            captured.update(projection=projected[0], snapshot=projected[1],
                            diagnostics=kwargs["selection_diagnostics"])
            return projected
    
        def get_project_context(*args, **kwargs):
            result = case.service.get_project_context(*args, **kwargs)
            rescued = next(item for item in result.context_pack if item.get("stable_chunk_id") == "testing")
            captured["component_id"] = rescued["document_local_rescue"]["qualified_component_ids"][0]
            assert "query-original" not in rescued["retrieval_query_matches"]
            assert result.support_decision.answer_supported
            if loss == "drop":
                result.context_pack.remove(rescued)
            elif loss in {"clip", "metadata_only"}:
                rescued["content"] = "For OrionRepo, run" if loss == "clip" else "# OrionRepo testing pytest"
            elif loss == "stale":
                rescued["freshness"] = "stale"
            elif loss == "foreign":
                rescued["project_identity"] = "other-project"
            elif loss == "unsafe":
                rescued["risk_flags"] = ["unsafe"]
            elif loss == "parent_claim":
                for trace in rescued["retrieval_query_matches"].values():
                    trace.update(relation="audited_rewrite", public_parent_query_id="query-original")
            return result
    
        monkeypatch.setattr(context_tools, "project_docs_context", capture_projection)
        facade = SimpleNamespace(unified_context=UnifiedDocsContextService(SimpleNamespace(
            get_project_context=get_project_context,
        )))
        payload = call_docs_tool_payload("get_docs_context", {
            "question": question, "project_path": str(case.root),
        }, facade)
    
        assert case.calls, payload
        assert payload["kind"] == "docs_context"
>       assert 1 <= len(payload.get("sources", [])) <= 3, (payload, captured)
E       AssertionError: ({'answer_available': False, 'answer_supported': False, 'context_available': False, 'context_quality': {'reasons': ['s...ilable': False, 'context_quality': {'reasons': ['source_unavailable'], 'status': 'unavailable'}, ...}, 'snapshot': {}})
E       assert 1 <= 0
E        +  where 0 = len([])
E        +    where [] = <built-in method get of dict object at 0x7f2a85817880>('sources', [])
E        +      where <built-in method get of dict object at 0x7f2a85817880> = {'answer_available': False, 'answer_supported': False, 'context_available': False, 'context_quality': {'reasons': ['source_unavailable'], 'status': 'unavailable'}, ...}.get

tests/docs/test_document_local_rescue.py:420: AssertionError
_______ test_read_and_test_rescue_survives_final_public_projection[drop] _______

rescue_case = namespace(rows=[RetrievedChunk(source='/tmp/pytest-of-viadmin/pytest-64/test_read_and_test_rescue_surv1/docs/mcp.md', ...x7f2a85ccf5c0>, gateway=<docmancer.docs.infrastructure.agent_index_gateway.AgentIndexGateway object at 0x7f2a8634f7d0>)
monkeypatch = <_pytest.monkeypatch.MonkeyPatch object at 0x7f2a870481a0>
loss = 'drop'

    @pytest.mark.parametrize("loss", [None, "drop", "clip", "stale", "foreign", "metadata_only", "unsafe", "parent_claim"])
    def test_read_and_test_rescue_survives_final_public_projection(rescue_case, monkeypatch, loss):
        case = rescue_case
        question = "What should I read in OrionRepo and what should I test?"
        reading = "For OrionRepo, first read README.md, then read docs/architecture.md."
        testing = "For OrionRepo, run pytest tests/docs before opening a pull request."
        content_hash = hashlib.sha256((reading + "\n" + testing).encode()).hexdigest()
        case.docs = replace(case.docs, query=question, results=[replace(
            case.observed, title="Contributor guide", content=reading,
            content_hash=content_hash, char_end=len(reading),
            display_content_hash=hashlib.sha256(reading.encode()).hexdigest(),
        )])
        case.rows = [case.raw.model_copy(update={"text": testing, "metadata": {
            **case.raw.metadata, "title": "Contributor checks", "stable_chunk_id": "testing",
            "project_doc_content_hash": content_hash,
            "char_span": [len(reading) + 1, len(reading) + 1 + len(testing)],
        }})]
        captured = {}
        project = context_tools.project_docs_context
    
        def capture_projection(**kwargs):
            projected = project(**kwargs)
            captured.update(projection=projected[0], snapshot=projected[1],
                            diagnostics=kwargs["selection_diagnostics"])
            return projected
    
        def get_project_context(*args, **kwargs):
            result = case.service.get_project_context(*args, **kwargs)
            rescued = next(item for item in result.context_pack if item.get("stable_chunk_id") == "testing")
            captured["component_id"] = rescued["document_local_rescue"]["qualified_component_ids"][0]
            assert "query-original" not in rescued["retrieval_query_matches"]
            assert result.support_decision.answer_supported
            if loss == "drop":
                result.context_pack.remove(rescued)
            elif loss in {"clip", "metadata_only"}:
                rescued["content"] = "For OrionRepo, run" if loss == "clip" else "# OrionRepo testing pytest"
            elif loss == "stale":
                rescued["freshness"] = "stale"
            elif loss == "foreign":
                rescued["project_identity"] = "other-project"
            elif loss == "unsafe":
                rescued["risk_flags"] = ["unsafe"]
            elif loss == "parent_claim":
                for trace in rescued["retrieval_query_matches"].values():
                    trace.update(relation="audited_rewrite", public_parent_query_id="query-original")
            return result
    
        monkeypatch.setattr(context_tools, "project_docs_context", capture_projection)
        facade = SimpleNamespace(unified_context=UnifiedDocsContextService(SimpleNamespace(
            get_project_context=get_project_context,
        )))
        payload = call_docs_tool_payload("get_docs_context", {
            "question": question, "project_path": str(case.root),
        }, facade)
    
        assert case.calls, payload
        assert payload["kind"] == "docs_context"
>       assert 1 <= len(payload.get("sources", [])) <= 3, (payload, captured)
E       AssertionError: ({'answer_available': False, 'answer_supported': False, 'context_available': False, 'context_quality': {'reasons': ['s...ilable': False, 'context_quality': {'reasons': ['source_unavailable'], 'status': 'unavailable'}, ...}, 'snapshot': {}})
E       assert 1 <= 0
E        +  where 0 = len([])
E        +    where [] = <built-in method get of dict object at 0x7f2a85784b00>('sources', [])
E        +      where <built-in method get of dict object at 0x7f2a85784b00> = {'answer_available': False, 'answer_supported': False, 'context_available': False, 'context_quality': {'reasons': ['source_unavailable'], 'status': 'unavailable'}, ...}.get

tests/docs/test_document_local_rescue.py:420: AssertionError
_______ test_read_and_test_rescue_survives_final_public_projection[clip] _______

rescue_case = namespace(rows=[RetrievedChunk(source='/tmp/pytest-of-viadmin/pytest-64/test_read_and_test_rescue_surv2/docs/mcp.md', ...x7f2a854d00a0>, gateway=<docmancer.docs.infrastructure.agent_index_gateway.AgentIndexGateway object at 0x7f2a85e515d0>)
monkeypatch = <_pytest.monkeypatch.MonkeyPatch object at 0x7f2a870ee0b0>
loss = 'clip'

    @pytest.mark.parametrize("loss", [None, "drop", "clip", "stale", "foreign", "metadata_only", "unsafe", "parent_claim"])
    def test_read_and_test_rescue_survives_final_public_projection(rescue_case, monkeypatch, loss):
        case = rescue_case
        question = "What should I read in OrionRepo and what should I test?"
        reading = "For OrionRepo, first read README.md, then read docs/architecture.md."
        testing = "For OrionRepo, run pytest tests/docs before opening a pull request."
        content_hash = hashlib.sha256((reading + "\n" + testing).encode()).hexdigest()
        case.docs = replace(case.docs, query=question, results=[replace(
            case.observed, title="Contributor guide", content=reading,
            content_hash=content_hash, char_end=len(reading),
            display_content_hash=hashlib.sha256(reading.encode()).hexdigest(),
        )])
        case.rows = [case.raw.model_copy(update={"text": testing, "metadata": {
            **case.raw.metadata, "title": "Contributor checks", "stable_chunk_id": "testing",
            "project_doc_content_hash": content_hash,
            "char_span": [len(reading) + 1, len(reading) + 1 + len(testing)],
        }})]
        captured = {}
        project = context_tools.project_docs_context
    
        def capture_projection(**kwargs):
            projected = project(**kwargs)
            captured.update(projection=projected[0], snapshot=projected[1],
                            diagnostics=kwargs["selection_diagnostics"])
            return projected
    
        def get_project_context(*args, **kwargs):
            result = case.service.get_project_context(*args, **kwargs)
            rescued = next(item for item in result.context_pack if item.get("stable_chunk_id") == "testing")
            captured["component_id"] = rescued["document_local_rescue"]["qualified_component_ids"][0]
            assert "query-original" not in rescued["retrieval_query_matches"]
            assert result.support_decision.answer_supported
            if loss == "drop":
                result.context_pack.remove(rescued)
            elif loss in {"clip", "metadata_only"}:
                rescued["content"] = "For OrionRepo, run" if loss == "clip" else "# OrionRepo testing pytest"
            elif loss == "stale":
                rescued["freshness"] = "stale"
            elif loss == "foreign":
                rescued["project_identity"] = "other-project"
            elif loss == "unsafe":
                rescued["risk_flags"] = ["unsafe"]
            elif loss == "parent_claim":
                for trace in rescued["retrieval_query_matches"].values():
                    trace.update(relation="audited_rewrite", public_parent_query_id="query-original")
            return result
    
        monkeypatch.setattr(context_tools, "project_docs_context", capture_projection)
        facade = SimpleNamespace(unified_context=UnifiedDocsContextService(SimpleNamespace(
            get_project_context=get_project_context,
        )))
        payload = call_docs_tool_payload("get_docs_context", {
            "question": question, "project_path": str(case.root),
        }, facade)
    
        assert case.calls, payload
        assert payload["kind"] == "docs_context"
>       assert 1 <= len(payload.get("sources", [])) <= 3, (payload, captured)
E       AssertionError: ({'answer_available': False, 'answer_supported': False, 'context_available': False, 'context_quality': {'reasons': ['s...ilable': False, 'context_quality': {'reasons': ['source_unavailable'], 'status': 'unavailable'}, ...}, 'snapshot': {}})
E       assert 1 <= 0
E        +  where 0 = len([])
E        +    where [] = <built-in method get of dict object at 0x7f2a85a7bd00>('sources', [])
E        +      where <built-in method get of dict object at 0x7f2a85a7bd00> = {'answer_available': False, 'answer_supported': False, 'context_available': False, 'context_quality': {'reasons': ['source_unavailable'], 'status': 'unavailable'}, ...}.get

tests/docs/test_document_local_rescue.py:420: AssertionError
______ test_read_and_test_rescue_survives_final_public_projection[stale] _______

rescue_case = namespace(rows=[RetrievedChunk(source='/tmp/pytest-of-viadmin/pytest-64/test_read_and_test_rescue_surv3/docs/mcp.md', ...x7f2a859f3520>, gateway=<docmancer.docs.infrastructure.agent_index_gateway.AgentIndexGateway object at 0x7f2a870f9950>)
monkeypatch = <_pytest.monkeypatch.MonkeyPatch object at 0x7f2a873e9470>
loss = 'stale'

    @pytest.mark.parametrize("loss", [None, "drop", "clip", "stale", "foreign", "metadata_only", "unsafe", "parent_claim"])
    def test_read_and_test_rescue_survives_final_public_projection(rescue_case, monkeypatch, loss):
        case = rescue_case
        question = "What should I read in OrionRepo and what should I test?"
        reading = "For OrionRepo, first read README.md, then read docs/architecture.md."
        testing = "For OrionRepo, run pytest tests/docs before opening a pull request."
        content_hash = hashlib.sha256((reading + "\n" + testing).encode()).hexdigest()
        case.docs = replace(case.docs, query=question, results=[replace(
            case.observed, title="Contributor guide", content=reading,
            content_hash=content_hash, char_end=len(reading),
            display_content_hash=hashlib.sha256(reading.encode()).hexdigest(),
        )])
        case.rows = [case.raw.model_copy(update={"text": testing, "metadata": {
            **case.raw.metadata, "title": "Contributor checks", "stable_chunk_id": "testing",
            "project_doc_content_hash": content_hash,
            "char_span": [len(reading) + 1, len(reading) + 1 + len(testing)],
        }})]
        captured = {}
        project = context_tools.project_docs_context
    
        def capture_projection(**kwargs):
            projected = project(**kwargs)
            captured.update(projection=projected[0], snapshot=projected[1],
                            diagnostics=kwargs["selection_diagnostics"])
            return projected
    
        def get_project_context(*args, **kwargs):
            result = case.service.get_project_context(*args, **kwargs)
            rescued = next(item for item in result.context_pack if item.get("stable_chunk_id") == "testing")
            captured["component_id"] = rescued["document_local_rescue"]["qualified_component_ids"][0]
            assert "query-original" not in rescued["retrieval_query_matches"]
            assert result.support_decision.answer_supported
            if loss == "drop":
                result.context_pack.remove(rescued)
            elif loss in {"clip", "metadata_only"}:
                rescued["content"] = "For OrionRepo, run" if loss == "clip" else "# OrionRepo testing pytest"
            elif loss == "stale":
                rescued["freshness"] = "stale"
            elif loss == "foreign":
                rescued["project_identity"] = "other-project"
            elif loss == "unsafe":
                rescued["risk_flags"] = ["unsafe"]
            elif loss == "parent_claim":
                for trace in rescued["retrieval_query_matches"].values():
                    trace.update(relation="audited_rewrite", public_parent_query_id="query-original")
            return result
    
        monkeypatch.setattr(context_tools, "project_docs_context", capture_projection)
        facade = SimpleNamespace(unified_context=UnifiedDocsContextService(SimpleNamespace(
            get_project_context=get_project_context,
        )))
        payload = call_docs_tool_payload("get_docs_context", {
            "question": question, "project_path": str(case.root),
        }, facade)
    
        assert case.calls, payload
        assert payload["kind"] == "docs_context"
>       assert 1 <= len(payload.get("sources", [])) <= 3, (payload, captured)
E       AssertionError: ({'answer_available': False, 'answer_supported': False, 'context_available': False, 'context_quality': {'reasons': ['s...ilable': False, 'context_quality': {'reasons': ['source_unavailable'], 'status': 'unavailable'}, ...}, 'snapshot': {}})
E       assert 1 <= 0
E        +  where 0 = len([])
E        +    where [] = <built-in method get of dict object at 0x7f2a85e4df80>('sources', [])
E        +      where <built-in method get of dict object at 0x7f2a85e4df80> = {'answer_available': False, 'answer_supported': False, 'context_available': False, 'context_quality': {'reasons': ['source_unavailable'], 'status': 'unavailable'}, ...}.get

tests/docs/test_document_local_rescue.py:420: AssertionError
_____ test_read_and_test_rescue_survives_final_public_projection[foreign] ______

rescue_case = namespace(rows=[RetrievedChunk(source='/tmp/pytest-of-viadmin/pytest-64/test_read_and_test_rescue_surv4/docs/mcp.md', ...x7f2a859f0550>, gateway=<docmancer.docs.infrastructure.agent_index_gateway.AgentIndexGateway object at 0x7f2a88a29c50>)
monkeypatch = <_pytest.monkeypatch.MonkeyPatch object at 0x7f2a87397540>
loss = 'foreign'

    @pytest.mark.parametrize("loss", [None, "drop", "clip", "stale", "foreign", "metadata_only", "unsafe", "parent_claim"])
    def test_read_and_test_rescue_survives_final_public_projection(rescue_case, monkeypatch, loss):
        case = rescue_case
        question = "What should I read in OrionRepo and what should I test?"
        reading = "For OrionRepo, first read README.md, then read docs/architecture.md."
        testing = "For OrionRepo, run pytest tests/docs before opening a pull request."
        content_hash = hashlib.sha256((reading + "\n" + testing).encode()).hexdigest()
        case.docs = replace(case.docs, query=question, results=[replace(
            case.observed, title="Contributor guide", content=reading,
            content_hash=content_hash, char_end=len(reading),
            display_content_hash=hashlib.sha256(reading.encode()).hexdigest(),
        )])
        case.rows = [case.raw.model_copy(update={"text": testing, "metadata": {
            **case.raw.metadata, "title": "Contributor checks", "stable_chunk_id": "testing",
            "project_doc_content_hash": content_hash,
            "char_span": [len(reading) + 1, len(reading) + 1 + len(testing)],
        }})]
        captured = {}
        project = context_tools.project_docs_context
    
        def capture_projection(**kwargs):
            projected = project(**kwargs)
            captured.update(projection=projected[0], snapshot=projected[1],
                            diagnostics=kwargs["selection_diagnostics"])
            return projected
    
        def get_project_context(*args, **kwargs):
            result = case.service.get_project_context(*args, **kwargs)
            rescued = next(item for item in result.context_pack if item.get("stable_chunk_id") == "testing")
            captured["component_id"] = rescued["document_local_rescue"]["qualified_component_ids"][0]
            assert "query-original" not in rescued["retrieval_query_matches"]
            assert result.support_decision.answer_supported
            if loss == "drop":
                result.context_pack.remove(rescued)
            elif loss in {"clip", "metadata_only"}:
                rescued["content"] = "For OrionRepo, run" if loss == "clip" else "# OrionRepo testing pytest"
            elif loss == "stale":
                rescued["freshness"] = "stale"
            elif loss == "foreign":
                rescued["project_identity"] = "other-project"
            elif loss == "unsafe":
                rescued["risk_flags"] = ["unsafe"]
            elif loss == "parent_claim":
                for trace in rescued["retrieval_query_matches"].values():
                    trace.update(relation="audited_rewrite", public_parent_query_id="query-original")
            return result
    
        monkeypatch.setattr(context_tools, "project_docs_context", capture_projection)
        facade = SimpleNamespace(unified_context=UnifiedDocsContextService(SimpleNamespace(
            get_project_context=get_project_context,
        )))
        payload = call_docs_tool_payload("get_docs_context", {
            "question": question, "project_path": str(case.root),
        }, facade)
    
        assert case.calls, payload
        assert payload["kind"] == "docs_context"
>       assert 1 <= len(payload.get("sources", [])) <= 3, (payload, captured)
E       AssertionError: ({'answer_available': False, 'answer_supported': False, 'context_available': False, 'context_quality': {'reasons': ['s...ilable': False, 'context_quality': {'reasons': ['source_unavailable'], 'status': 'unavailable'}, ...}, 'snapshot': {}})
E       assert 1 <= 0
E        +  where 0 = len([])
E        +    where [] = <built-in method get of dict object at 0x7f2a85db17c0>('sources', [])
E        +      where <built-in method get of dict object at 0x7f2a85db17c0> = {'answer_available': False, 'answer_supported': False, 'context_available': False, 'context_quality': {'reasons': ['source_unavailable'], 'status': 'unavailable'}, ...}.get

tests/docs/test_document_local_rescue.py:420: AssertionError
__ test_read_and_test_rescue_survives_final_public_projection[metadata_only] ___

rescue_case = namespace(rows=[RetrievedChunk(source='/tmp/pytest-of-viadmin/pytest-64/test_read_and_test_rescue_surv5/docs/mcp.md', ...x7f2a859f1180>, gateway=<docmancer.docs.infrastructure.agent_index_gateway.AgentIndexGateway object at 0x7f2a859081d0>)
monkeypatch = <_pytest.monkeypatch.MonkeyPatch object at 0x7f2a88aba040>
loss = 'metadata_only'

    @pytest.mark.parametrize("loss", [None, "drop", "clip", "stale", "foreign", "metadata_only", "unsafe", "parent_claim"])
    def test_read_and_test_rescue_survives_final_public_projection(rescue_case, monkeypatch, loss):
        case = rescue_case
        question = "What should I read in OrionRepo and what should I test?"
        reading = "For OrionRepo, first read README.md, then read docs/architecture.md."
        testing = "For OrionRepo, run pytest tests/docs before opening a pull request."
        content_hash = hashlib.sha256((reading + "\n" + testing).encode()).hexdigest()
        case.docs = replace(case.docs, query=question, results=[replace(
            case.observed, title="Contributor guide", content=reading,
            content_hash=content_hash, char_end=len(reading),
            display_content_hash=hashlib.sha256(reading.encode()).hexdigest(),
        )])
        case.rows = [case.raw.model_copy(update={"text": testing, "metadata": {
            **case.raw.metadata, "title": "Contributor checks", "stable_chunk_id": "testing",
            "project_doc_content_hash": content_hash,
            "char_span": [len(reading) + 1, len(reading) + 1 + len(testing)],
        }})]
        captured = {}
        project = context_tools.project_docs_context
    
        def capture_projection(**kwargs):
            projected = project(**kwargs)
            captured.update(projection=projected[0], snapshot=projected[1],
                            diagnostics=kwargs["selection_diagnostics"])
            return projected
    
        def get_project_context(*args, **kwargs):
            result = case.service.get_project_context(*args, **kwargs)
            rescued = next(item for item in result.context_pack if item.get("stable_chunk_id") == "testing")
            captured["component_id"] = rescued["document_local_rescue"]["qualified_component_ids"][0]
            assert "query-original" not in rescued["retrieval_query_matches"]
            assert result.support_decision.answer_supported
            if loss == "drop":
                result.context_pack.remove(rescued)
            elif loss in {"clip", "metadata_only"}:
                rescued["content"] = "For OrionRepo, run" if loss == "clip" else "# OrionRepo testing pytest"
            elif loss == "stale":
                rescued["freshness"] = "stale"
            elif loss == "foreign":
                rescued["project_identity"] = "other-project"
            elif loss == "unsafe":
                rescued["risk_flags"] = ["unsafe"]
            elif loss == "parent_claim":
                for trace in rescued["retrieval_query_matches"].values():
                    trace.update(relation="audited_rewrite", public_parent_query_id="query-original")
            return result
    
        monkeypatch.setattr(context_tools, "project_docs_context", capture_projection)
        facade = SimpleNamespace(unified_context=UnifiedDocsContextService(SimpleNamespace(
            get_project_context=get_project_context,
        )))
        payload = call_docs_tool_payload("get_docs_context", {
            "question": question, "project_path": str(case.root),
        }, facade)
    
        assert case.calls, payload
        assert payload["kind"] == "docs_context"
>       assert 1 <= len(payload.get("sources", [])) <= 3, (payload, captured)
E       AssertionError: ({'answer_available': False, 'answer_supported': False, 'context_available': False, 'context_quality': {'reasons': ['s...ilable': False, 'context_quality': {'reasons': ['source_unavailable'], 'status': 'unavailable'}, ...}, 'snapshot': {}})
E       assert 1 <= 0
E        +  where 0 = len([])
E        +    where [] = <built-in method get of dict object at 0x7f2a85817400>('sources', [])
E        +      where <built-in method get of dict object at 0x7f2a85817400> = {'answer_available': False, 'answer_supported': False, 'context_available': False, 'context_quality': {'reasons': ['source_unavailable'], 'status': 'unavailable'}, ...}.get

tests/docs/test_document_local_rescue.py:420: AssertionError
______ test_read_and_test_rescue_survives_final_public_projection[unsafe] ______

rescue_case = namespace(rows=[RetrievedChunk(source='/tmp/pytest-of-viadmin/pytest-64/test_read_and_test_rescue_surv6/docs/mcp.md', ...x7f2a859f0190>, gateway=<docmancer.docs.infrastructure.agent_index_gateway.AgentIndexGateway object at 0x7f2a859ac3d0>)
monkeypatch = <_pytest.monkeypatch.MonkeyPatch object at 0x7f2a85ed7770>
loss = 'unsafe'

    @pytest.mark.parametrize("loss", [None, "drop", "clip", "stale", "foreign", "metadata_only", "unsafe", "parent_claim"])
    def test_read_and_test_rescue_survives_final_public_projection(rescue_case, monkeypatch, loss):
        case = rescue_case
        question = "What should I read in OrionRepo and what should I test?"
        reading = "For OrionRepo, first read README.md, then read docs/architecture.md."
        testing = "For OrionRepo, run pytest tests/docs before opening a pull request."
        content_hash = hashlib.sha256((reading + "\n" + testing).encode()).hexdigest()
        case.docs = replace(case.docs, query=question, results=[replace(
            case.observed, title="Contributor guide", content=reading,
            content_hash=content_hash, char_end=len(reading),
            display_content_hash=hashlib.sha256(reading.encode()).hexdigest(),
        )])
        case.rows = [case.raw.model_copy(update={"text": testing, "metadata": {
            **case.raw.metadata, "title": "Contributor checks", "stable_chunk_id": "testing",
            "project_doc_content_hash": content_hash,
            "char_span": [len(reading) + 1, len(reading) + 1 + len(testing)],
        }})]
        captured = {}
        project = context_tools.project_docs_context
    
        def capture_projection(**kwargs):
            projected = project(**kwargs)
            captured.update(projection=projected[0], snapshot=projected[1],
                            diagnostics=kwargs["selection_diagnostics"])
            return projected
    
        def get_project_context(*args, **kwargs):
            result = case.service.get_project_context(*args, **kwargs)
            rescued = next(item for item in result.context_pack if item.get("stable_chunk_id") == "testing")
            captured["component_id"] = rescued["document_local_rescue"]["qualified_component_ids"][0]
            assert "query-original" not in rescued["retrieval_query_matches"]
            assert result.support_decision.answer_supported
            if loss == "drop":
                result.context_pack.remove(rescued)
            elif loss in {"clip", "metadata_only"}:
                rescued["content"] = "For OrionRepo, run" if loss == "clip" else "# OrionRepo testing pytest"
            elif loss == "stale":
                rescued["freshness"] = "stale"
            elif loss == "foreign":
                rescued["project_identity"] = "other-project"
            elif loss == "unsafe":
                rescued["risk_flags"] = ["unsafe"]
            elif loss == "parent_claim":
                for trace in rescued["retrieval_query_matches"].values():
                    trace.update(relation="audited_rewrite", public_parent_query_id="query-original")
            return result
    
        monkeypatch.setattr(context_tools, "project_docs_context", capture_projection)
        facade = SimpleNamespace(unified_context=UnifiedDocsContextService(SimpleNamespace(
            get_project_context=get_project_context,
        )))
        payload = call_docs_tool_payload("get_docs_context", {
            "question": question, "project_path": str(case.root),
        }, facade)
    
        assert case.calls, payload
        assert payload["kind"] == "docs_context"
>       assert 1 <= len(payload.get("sources", [])) <= 3, (payload, captured)
E       AssertionError: ({'answer_available': False, 'answer_supported': False, 'context_available': False, 'context_quality': {'reasons': ['s...ilable': False, 'context_quality': {'reasons': ['source_unavailable'], 'status': 'unavailable'}, ...}, 'snapshot': {}})
E       assert 1 <= 0
E        +  where 0 = len([])
E        +    where [] = <built-in method get of dict object at 0x7f2a8600db40>('sources', [])
E        +      where <built-in method get of dict object at 0x7f2a8600db40> = {'answer_available': False, 'answer_supported': False, 'context_available': False, 'context_quality': {'reasons': ['source_unavailable'], 'status': 'unavailable'}, ...}.get

tests/docs/test_document_local_rescue.py:420: AssertionError
___ test_read_and_test_rescue_survives_final_public_projection[parent_claim] ___

rescue_case = namespace(rows=[RetrievedChunk(source='/tmp/pytest-of-viadmin/pytest-64/test_read_and_test_rescue_surv7/docs/mcp.md', ...x7f2a859f29e0>, gateway=<docmancer.docs.infrastructure.agent_index_gateway.AgentIndexGateway object at 0x7f2a89941c50>)
monkeypatch = <_pytest.monkeypatch.MonkeyPatch object at 0x7f2a85ed48a0>
loss = 'parent_claim'

    @pytest.mark.parametrize("loss", [None, "drop", "clip", "stale", "foreign", "metadata_only", "unsafe", "parent_claim"])
    def test_read_and_test_rescue_survives_final_public_projection(rescue_case, monkeypatch, loss):
        case = rescue_case
        question = "What should I read in OrionRepo and what should I test?"
        reading = "For OrionRepo, first read README.md, then read docs/architecture.md."
        testing = "For OrionRepo, run pytest tests/docs before opening a pull request."
        content_hash = hashlib.sha256((reading + "\n" + testing).encode()).hexdigest()
        case.docs = replace(case.docs, query=question, results=[replace(
            case.observed, title="Contributor guide", content=reading,
            content_hash=content_hash, char_end=len(reading),
            display_content_hash=hashlib.sha256(reading.encode()).hexdigest(),
        )])
        case.rows = [case.raw.model_copy(update={"text": testing, "metadata": {
            **case.raw.metadata, "title": "Contributor checks", "stable_chunk_id": "testing",
            "project_doc_content_hash": content_hash,
            "char_span": [len(reading) + 1, len(reading) + 1 + len(testing)],
        }})]
        captured = {}
        project = context_tools.project_docs_context
    
        def capture_projection(**kwargs):
            projected = project(**kwargs)
            captured.update(projection=projected[0], snapshot=projected[1],
                            diagnostics=kwargs["selection_diagnostics"])
            return projected
    
        def get_project_context(*args, **kwargs):
            result = case.service.get_project_context(*args, **kwargs)
            rescued = next(item for item in result.context_pack if item.get("stable_chunk_id") == "testing")
            captured["component_id"] = rescued["document_local_rescue"]["qualified_component_ids"][0]
            assert "query-original" not in rescued["retrieval_query_matches"]
            assert result.support_decision.answer_supported
            if loss == "drop":
                result.context_pack.remove(rescued)
            elif loss in {"clip", "metadata_only"}:
                rescued["content"] = "For OrionRepo, run" if loss == "clip" else "# OrionRepo testing pytest"
            elif loss == "stale":
                rescued["freshness"] = "stale"
            elif loss == "foreign":
                rescued["project_identity"] = "other-project"
            elif loss == "unsafe":
                rescued["risk_flags"] = ["unsafe"]
            elif loss == "parent_claim":
                for trace in rescued["retrieval_query_matches"].values():
                    trace.update(relation="audited_rewrite", public_parent_query_id="query-original")
            return result
    
        monkeypatch.setattr(context_tools, "project_docs_context", capture_projection)
        facade = SimpleNamespace(unified_context=UnifiedDocsContextService(SimpleNamespace(
            get_project_context=get_project_context,
        )))
        payload = call_docs_tool_payload("get_docs_context", {
            "question": question, "project_path": str(case.root),
        }, facade)
    
        assert case.calls, payload
        assert payload["kind"] == "docs_context"
>       assert 1 <= len(payload.get("sources", [])) <= 3, (payload, captured)
E       AssertionError: ({'answer_available': False, 'answer_supported': False, 'context_available': False, 'context_quality': {'reasons': ['s...ilable': False, 'context_quality': {'reasons': ['source_unavailable'], 'status': 'unavailable'}, ...}, 'snapshot': {}})
E       assert 1 <= 0
E        +  where 0 = len([])
E        +    where [] = <built-in method get of dict object at 0x7f2a85828740>('sources', [])
E        +      where <built-in method get of dict object at 0x7f2a85828740> = {'answer_available': False, 'answer_supported': False, 'context_available': False, 'context_quality': {'reasons': ['source_unavailable'], 'status': 'unavailable'}, ...}.get

tests/docs/test_document_local_rescue.py:420: AssertionError
_ test_version_scenario_exact_anchors_do_not_hide_safe_generic_policy_context __

    def test_version_scenario_exact_anchors_do_not_hide_safe_generic_policy_context():
        question = (
            "Only documentation for version 1.0 is cached, but the project now resolves "
            "version 2.0. What should a current-project query return?"
        )
        requirements = build_requirements(question, profile="project_docs_answer")
        plan = build_documentation_query_plan(question, requirements=requirements)
>       hint = next(item for item in plan.queries if item.query_id == "query-hint-2")
               ^^^^^^^^^^^^^^^^^^^^^^^^^^^^^^^^^^^^^^^^^^^^^^^^^^^^^^^^^^^^^^^^^^^^^^
E       StopIteration

tests/docs/test_evidence_admission_sufficiency.py:66: StopIteration
_________ test_optional_host_lookup_does_not_revoke_safe_hint_context __________

    def test_optional_host_lookup_does_not_revoke_safe_hint_context():
        question = "When answering about a module, should the agent automatically use scope=all for maximum recall?"
        lookups = ("maximum recall repository breadth",)
        requirements = build_requirements(question, profile="project_docs_answer")
        plan = build_documentation_query_plan(question, lookup_queries=lookups, requirements=requirements)
>       hint = next(item for item in plan.queries if item.query_id == "query-hint-1")
               ^^^^^^^^^^^^^^^^^^^^^^^^^^^^^^^^^^^^^^^^^^^^^^^^^^^^^^^^^^^^^^^^^^^^^^
E       StopIteration

tests/docs/test_evidence_admission_sufficiency.py:101: StopIteration
______ test_supporting_hint_still_cannot_cross_project_identity_boundary _______

    def test_supporting_hint_still_cannot_cross_project_identity_boundary():
        question = "When answering about a module, should the agent automatically use scope=all for maximum recall?"
        requirements = build_requirements(question, profile="project_docs_answer")
        plan = build_documentation_query_plan(question, requirements=requirements)
>       hint = next(item for item in plan.queries if item.query_id == "query-hint-1")
               ^^^^^^^^^^^^^^^^^^^^^^^^^^^^^^^^^^^^^^^^^^^^^^^^^^^^^^^^^^^^^^^^^^^^^^
E       StopIteration

tests/docs/test_evidence_admission_sufficiency.py:133: StopIteration
_ test_partial_primary_packet_can_add_safe_hint_without_losing_primary_source __

    def test_partial_primary_packet_can_add_safe_hint_without_losing_primary_source():
        question = "When answering about a module, should the agent automatically use scope=all for maximum recall?"
        lookups = ("maximum recall repository breadth",)
        requirements = build_requirements(question, profile="project_docs_answer")
        plan = build_documentation_query_plan(question, lookup_queries=lookups, requirements=requirements)
        host = next(item for item in plan.queries if item.query_id == "query-lookup-1")
>       hint = next(item for item in plan.queries if item.query_id == "query-hint-1")
               ^^^^^^^^^^^^^^^^^^^^^^^^^^^^^^^^^^^^^^^^^^^^^^^^^^^^^^^^^^^^^^^^^^^^^^
E       StopIteration

tests/docs/test_evidence_admission_sufficiency.py:161: StopIteration
____ test_additive_hint_retry_preserves_primary_snippet_under_tight_budget _____

    def test_additive_hint_retry_preserves_primary_snippet_under_tight_budget():
        question = "When answering about a module, should the agent automatically use scope=all for maximum recall?"
        lookups = ("maximum recall repository breadth",)
        requirements = build_requirements(question, profile="project_docs_answer")
        plan = build_documentation_query_plan(question, lookup_queries=lookups, requirements=requirements)
        host = next(item for item in plan.queries if item.query_id == "query-lookup-1")
>       hint = next(item for item in plan.queries if item.query_id == "query-hint-1")
               ^^^^^^^^^^^^^^^^^^^^^^^^^^^^^^^^^^^^^^^^^^^^^^^^^^^^^^^^^^^^^^^^^^^^^^
E       StopIteration

tests/docs/test_evidence_admission_sufficiency.py:201: StopIteration
___ test_original_witness_is_protected_even_when_it_also_matches_host_lookup ___

    def test_original_witness_is_protected_even_when_it_also_matches_host_lookup():
        question = "Does preparing dependency documentation also install the dependency into my application?"
        lookups = ("preparing documentation and installing project dependencies",)
        requirements = build_requirements(question, profile="project_docs_answer")
        plan = build_documentation_query_plan(question, lookup_queries=lookups, requirements=requirements)
        original = next(item for item in plan.queries if item.query_id == "query-original")
        host = next(item for item in plan.queries if item.query_id == "query-lookup-1")
>       canonical = next(
            item for item in plan.queries
            if item.origin == "canonical_intent" and item.text == "install command line help"
        )
E       StopIteration

tests/docs/test_evidence_admission_sufficiency.py:538: StopIteration
_ test_single_host_lookup_cannot_displace_available_canonical_witness_under_budget _

    def test_single_host_lookup_cannot_displace_available_canonical_witness_under_budget():
        question = "Does retrieved documentation authorize executing a destructive delete command?"
        lookups = ("destructive delete command permission",)
        requirements = build_requirements(question, profile="project_docs_answer")
        plan = build_documentation_query_plan(question, lookup_queries=lookups, requirements=requirements)
>       canonical = next(item for item in plan.queries if item.query_id == "query-intent-1")
                    ^^^^^^^^^^^^^^^^^^^^^^^^^^^^^^^^^^^^^^^^^^^^^^^^^^^^^^^^^^^^^^^^^^^^^^^^
E       StopIteration

tests/docs/test_evidence_admission_sufficiency.py:573: StopIteration
__ test_supporting_hint_cannot_bypass_current_safe_source_policy[overrides0] ___

overrides = {'stale': True}

    @pytest.mark.parametrize("overrides", [
        {"stale": True},
        {"freshness": "stale"},
        {"index_freshness": "outdated"},
        {"risk_flags": ["unsafe"]},
    ])
    def test_supporting_hint_cannot_bypass_current_safe_source_policy(overrides):
        question = "How should current project documentation behave after a version transition?"
        requirements = build_requirements(question, profile="project_docs_answer")
        plan = build_documentation_query_plan(question, requirements=requirements)
>       hint = next(item for item in plan.queries if item.origin == "retrieval_hint")
               ^^^^^^^^^^^^^^^^^^^^^^^^^^^^^^^^^^^^^^^^^^^^^^^^^^^^^^^^^^^^^^^^^^^^^^
E       StopIteration

tests/docs/test_evidence_admission_sufficiency.py:599: StopIteration
__ test_supporting_hint_cannot_bypass_current_safe_source_policy[overrides1] ___

overrides = {'freshness': 'stale'}

    @pytest.mark.parametrize("overrides", [
        {"stale": True},
        {"freshness": "stale"},
        {"index_freshness": "outdated"},
        {"risk_flags": ["unsafe"]},
    ])
    def test_supporting_hint_cannot_bypass_current_safe_source_policy(overrides):
        question = "How should current project documentation behave after a version transition?"
        requirements = build_requirements(question, profile="project_docs_answer")
        plan = build_documentation_query_plan(question, requirements=requirements)
>       hint = next(item for item in plan.queries if item.origin == "retrieval_hint")
               ^^^^^^^^^^^^^^^^^^^^^^^^^^^^^^^^^^^^^^^^^^^^^^^^^^^^^^^^^^^^^^^^^^^^^^
E       StopIteration

tests/docs/test_evidence_admission_sufficiency.py:599: StopIteration
__ test_supporting_hint_cannot_bypass_current_safe_source_policy[overrides2] ___

overrides = {'index_freshness': 'outdated'}

    @pytest.mark.parametrize("overrides", [
        {"stale": True},
        {"freshness": "stale"},
        {"index_freshness": "outdated"},
        {"risk_flags": ["unsafe"]},
    ])
    def test_supporting_hint_cannot_bypass_current_safe_source_policy(overrides):
        question = "How should current project documentation behave after a version transition?"
        requirements = build_requirements(question, profile="project_docs_answer")
        plan = build_documentation_query_plan(question, requirements=requirements)
>       hint = next(item for item in plan.queries if item.origin == "retrieval_hint")
               ^^^^^^^^^^^^^^^^^^^^^^^^^^^^^^^^^^^^^^^^^^^^^^^^^^^^^^^^^^^^^^^^^^^^^^
E       StopIteration

tests/docs/test_evidence_admission_sufficiency.py:599: StopIteration
__ test_supporting_hint_cannot_bypass_current_safe_source_policy[overrides3] ___

overrides = {'risk_flags': ['unsafe']}

    @pytest.mark.parametrize("overrides", [
        {"stale": True},
        {"freshness": "stale"},
        {"index_freshness": "outdated"},
        {"risk_flags": ["unsafe"]},
    ])
    def test_supporting_hint_cannot_bypass_current_safe_source_policy(overrides):
        question = "How should current project documentation behave after a version transition?"
        requirements = build_requirements(question, profile="project_docs_answer")
        plan = build_documentation_query_plan(question, requirements=requirements)
>       hint = next(item for item in plan.queries if item.origin == "retrieval_hint")
               ^^^^^^^^^^^^^^^^^^^^^^^^^^^^^^^^^^^^^^^^^^^^^^^^^^^^^^^^^^^^^^^^^^^^^^
E       StopIteration

tests/docs/test_evidence_admission_sufficiency.py:599: StopIteration
_ test_actual_planner_preserves_composed_needs_without_parent_authority[How does Orbit restrict package candidates and why?-relations0] _

question = 'How does Orbit restrict package candidates and why?'
relations = {'mechanism', 'reason'}

    @pytest.mark.parametrize('question,relations', [
        ('How does Orbit restrict package candidates and why?', {'mechanism', 'reason'}),
        ('Назови четыре типа timeout в HTTPX и объясни, что ограничивает каждый.', {'enumeration'}),
        ('Может ли task function для BackgroundTasks быть обычной def, а не async def?', {'callable_form'}),
        ('Which page title wins when the navigation configuration and Markdown content define different titles?', {'precedence'}),
    ])
    def test_actual_planner_preserves_composed_needs_without_parent_authority(question, relations):
        from docmancer.docs.application.evidence_requirements import build_requirements
        from docmancer.docs.domain.documentation_query_plan import build_documentation_query_plan
        reqs = build_requirements(question, profile='project_docs_answer')
        plan = build_documentation_query_plan(question, requirements=reqs)
        rows = [q for q in plan.queries if q.query_id.startswith('query-composed-')]
>       assert relations <= {q.need_relation for q in rows}
E       AssertionError: assert {'mechanism', 'reason'} <= set()
E         
E         Extra items in the left set:
E         'reason'
E         'mechanism'

tests/docs/test_evidence_set_compositional_frames.py:132: AssertionError
_ test_actual_planner_preserves_composed_needs_without_parent_authority[\u041d\u0430\u0437\u043e\u0432\u0438 \u0447\u0435\u0442\u044b\u0440\u0435 \u0442\u0438\u043f\u0430 timeout \u0432 HTTPX \u0438 \u043e\u0431\u044a\u044f\u0441\u043d\u0438, \u0447\u0442\u043e \u043e\u0433\u0440\u0430\u043d\u0438\u0447\u0438\u0432\u0430\u0435\u0442 \u043a\u0430\u0436\u0434\u044b\u0439.-relations1] _

question = 'Назови четыре типа timeout в HTTPX и объясни, что ограничивает каждый.'
relations = {'enumeration'}

    @pytest.mark.parametrize('question,relations', [
        ('How does Orbit restrict package candidates and why?', {'mechanism', 'reason'}),
        ('Назови четыре типа timeout в HTTPX и объясни, что ограничивает каждый.', {'enumeration'}),
        ('Может ли task function для BackgroundTasks быть обычной def, а не async def?', {'callable_form'}),
        ('Which page title wins when the navigation configuration and Markdown content define different titles?', {'precedence'}),
    ])
    def test_actual_planner_preserves_composed_needs_without_parent_authority(question, relations):
        from docmancer.docs.application.evidence_requirements import build_requirements
        from docmancer.docs.domain.documentation_query_plan import build_documentation_query_plan
        reqs = build_requirements(question, profile='project_docs_answer')
        plan = build_documentation_query_plan(question, requirements=reqs)
        rows = [q for q in plan.queries if q.query_id.startswith('query-composed-')]
>       assert relations <= {q.need_relation for q in rows}
E       AssertionError: assert {'enumeration'} <= set()
E         
E         Extra items in the left set:
E         'enumeration'

tests/docs/test_evidence_set_compositional_frames.py:132: AssertionError
_ test_actual_planner_preserves_composed_needs_without_parent_authority[\u041c\u043e\u0436\u0435\u0442 \u043b\u0438 task function \u0434\u043b\u044f BackgroundTasks \u0431\u044b\u0442\u044c \u043e\u0431\u044b\u0447\u043d\u043e\u0439 def, \u0430 \u043d\u0435 async def?-relations2] _

question = 'Может ли task function для BackgroundTasks быть обычной def, а не async def?'
relations = {'callable_form'}

    @pytest.mark.parametrize('question,relations', [
        ('How does Orbit restrict package candidates and why?', {'mechanism', 'reason'}),
        ('Назови четыре типа timeout в HTTPX и объясни, что ограничивает каждый.', {'enumeration'}),
        ('Может ли task function для BackgroundTasks быть обычной def, а не async def?', {'callable_form'}),
        ('Which page title wins when the navigation configuration and Markdown content define different titles?', {'precedence'}),
    ])
    def test_actual_planner_preserves_composed_needs_without_parent_authority(question, relations):
        from docmancer.docs.application.evidence_requirements import build_requirements
        from docmancer.docs.domain.documentation_query_plan import build_documentation_query_plan
        reqs = build_requirements(question, profile='project_docs_answer')
        plan = build_documentation_query_plan(question, requirements=reqs)
        rows = [q for q in plan.queries if q.query_id.startswith('query-composed-')]
>       assert relations <= {q.need_relation for q in rows}
E       AssertionError: assert {'callable_form'} <= set()
E         
E         Extra items in the left set:
E         'callable_form'

tests/docs/test_evidence_set_compositional_frames.py:132: AssertionError
_ test_actual_planner_preserves_composed_needs_without_parent_authority[Which page title wins when the navigation configuration and Markdown content define different titles?-relations3] _

question = 'Which page title wins when the navigation configuration and Markdown content define different titles?'
relations = {'precedence'}

    @pytest.mark.parametrize('question,relations', [
        ('How does Orbit restrict package candidates and why?', {'mechanism', 'reason'}),
        ('Назови четыре типа timeout в HTTPX и объясни, что ограничивает каждый.', {'enumeration'}),
        ('Может ли task function для BackgroundTasks быть обычной def, а не async def?', {'callable_form'}),
        ('Which page title wins when the navigation configuration and Markdown content define different titles?', {'precedence'}),
    ])
    def test_actual_planner_preserves_composed_needs_without_parent_authority(question, relations):
        from docmancer.docs.application.evidence_requirements import build_requirements
        from docmancer.docs.domain.documentation_query_plan import build_documentation_query_plan
        reqs = build_requirements(question, profile='project_docs_answer')
        plan = build_documentation_query_plan(question, requirements=reqs)
        rows = [q for q in plan.queries if q.query_id.startswith('query-composed-')]
>       assert relations <= {q.need_relation for q in rows}
E       AssertionError: assert {'precedence'} <= set()
E         
E         Extra items in the left set:
E         'precedence'

tests/docs/test_evidence_set_compositional_frames.py:132: AssertionError
_____ test_safe_precedence_context_reaches_native_final_without_root_proof _____

tmp_path = PosixPath('/tmp/pytest-of-viadmin/pytest-64/test_safe_precedence_context_r0')

    def test_safe_precedence_context_reaches_native_final_without_root_proof(tmp_path):
        cap = capture_reference_case(tmp_path, {'Guide.md': '# Page titles\n\n' + FACT + '\n'}, QUESTION)
>       assert FACT in visible(cap), cap['public_payload']
E       AssertionError: {'answer_available': False, 'answer_supported': False, 'context_available': False, 'context_quality': {'reasons': ['source_unavailable'], 'status': 'unavailable'}, ...}
E       assert 'The title in your nav setting overrides the Markdown heading.' in ''
E        +  where '' = visible({'projection_attempts': [{'after_projection': {'_source_continuation_project_root': '/tmp/pytest-of-viadmin/pytest-64/... page title wins when the navigation configuration and Markdown content define different titles?', 'scope': 'project'}})

tests/docs/test_evidence_set_context_delivery.py:18: AssertionError
_______ test_existing_supported_partial_answer_never_enters_new_fallback _______

tmp_path = PosixPath('/tmp/pytest-of-viadmin/pytest-64/test_existing_supported_partia0')
monkeypatch = <_pytest.monkeypatch.MonkeyPatch object at 0x7f2a86e5d1d0>

    def test_existing_supported_partial_answer_never_enters_new_fallback(tmp_path, monkeypatch):
        import docmancer.docs.application.need_context_projection as target
        from tests.docs._evidence_set_fixtures import capture_case, old_assessment
        def forbidden(*a, **kw):
            raise AssertionError('topic fallback ran before an existing primary source')
        monkeypatch.setattr(target, 'project_need_context_fallback', forbidden)
        for case in ('pydantic-07', 'ruff-07'):
>           cap = capture_case(tmp_path / case, case)
                  ^^^^^^^^^^^^^^^^^^^^^^^^^^^^^^^^^^^

tests/docs/test_evidence_set_context_delivery.py:66: 
_ _ _ _ _ _ _ _ _ _ _ _ _ _ _ _ _ _ _ _ _ _ _ _ _ _ _ _ _ _ _ _ _ _ _ _ _ _ _ _ 

tmp_path = PosixPath('/tmp/pytest-of-viadmin/pytest-64/test_existing_supported_partia0/pydantic-07')
case_id = 'pydantic-07'

    def capture_case(tmp_path: Path, case_id: str, *, question: str | None = None) -> dict:
        _, cases, manifest = load_protocol()
        case = next(c for c in cases if c['id'] == case_id)
        root = tmp_path / 'corpus'
        write_project(root, documents_for(case['project_group'], manifest))
        with isolated_service(tmp_path / 'state') as (service, config):
            index_project(service, config, root)
            payload, trace = observe_call(service, {
                'project_path': str(root), 'scope': 'all',
                'question': case['question'] if question is None else question,
            })
        errors = audit_payload(payload, trace['snapshot'], root)
>       assert errors == [], errors
               ^^^^^^^^^^^^
E       AssertionError: ['invalid projection kind', 'invalid projection status', 'projection estimate mismatch or budget exceeded', 'successful projections require sources']

tests/docs/_evidence_set_fixtures.py:21: AssertionError
___________________ test_native_required_delivery[mkdocs-05] ___________________

tmp_path = PosixPath('/tmp/pytest-of-viadmin/pytest-64/test_native_required_delivery_0')
case_id = 'mkdocs-05'

    @pytest.mark.parametrize('case_id', ['mkdocs-05', 'pydantic-03'])
    def test_native_required_delivery(tmp_path, case_id):
        cap = capture_case(tmp_path, case_id)
>       assert_bounds(cap['public_payload'])

tests/docs/test_evidence_set_delivery_acceptance.py:19: 
_ _ _ _ _ _ _ _ _ _ _ _ _ _ _ _ _ _ _ _ _ _ _ _ _ _ _ _ _ _ _ _ _ _ _ _ _ _ _ _ 

payload = {'answer_available': False, 'answer_supported': False, 'context_available': False, 'context_quality': {'reasons': ['source_unavailable'], 'status': 'unavailable'}, ...}

    def assert_bounds(payload):
        assert docs_context_budget_tokens(payload) <= 800
>       assert len(payload['sources']) <= 3
                   ^^^^^^^^^^^^^^^^^^
E       KeyError: 'sources'

tests/docs/test_evidence_set_delivery_acceptance.py:11: KeyError
________________ test_partial_known_facts_retained[pydantic-07] ________________

tmp_path = PosixPath('/tmp/pytest-of-viadmin/pytest-64/test_partial_known_facts_retai0')
case_id = 'pydantic-07'

    @pytest.mark.parametrize('case_id', ['pydantic-07', 'ruff-07'])
    def test_partial_known_facts_retained(tmp_path, case_id):
        cap = capture_case(tmp_path, case_id)
>       assert_bounds(cap['public_payload'])

tests/docs/test_evidence_set_delivery_acceptance.py:26: 
_ _ _ _ _ _ _ _ _ _ _ _ _ _ _ _ _ _ _ _ _ _ _ _ _ _ _ _ _ _ _ _ _ _ _ _ _ _ _ _ 

payload = {'answer_available': False, 'answer_supported': False, 'context_available': False, 'context_quality': {'reasons': ['source_unavailable'], 'status': 'unavailable'}, ...}

    def assert_bounds(payload):
        assert docs_context_budget_tokens(payload) <= 800
>       assert len(payload['sources']) <= 3
                   ^^^^^^^^^^^^^^^^^^
E       KeyError: 'sources'

tests/docs/test_evidence_set_delivery_acceptance.py:11: KeyError
__________________ test_partial_known_facts_retained[ruff-07] __________________

tmp_path = PosixPath('/tmp/pytest-of-viadmin/pytest-64/test_partial_known_facts_retai1')
case_id = 'ruff-07'

    @pytest.mark.parametrize('case_id', ['pydantic-07', 'ruff-07'])
    def test_partial_known_facts_retained(tmp_path, case_id):
        cap = capture_case(tmp_path, case_id)
>       assert_bounds(cap['public_payload'])

tests/docs/test_evidence_set_delivery_acceptance.py:26: 
_ _ _ _ _ _ _ _ _ _ _ _ _ _ _ _ _ _ _ _ _ _ _ _ _ _ _ _ _ _ _ _ _ _ _ _ _ _ _ _ 

payload = {'answer_available': False, 'answer_supported': False, 'context_available': False, 'context_quality': {'reasons': ['source_unavailable'], 'status': 'unavailable'}, ...}

    def assert_bounds(payload):
        assert docs_context_budget_tokens(payload) <= 800
>       assert len(payload['sources']) <= 3
                   ^^^^^^^^^^^^^^^^^^
E       KeyError: 'sources'

tests/docs/test_evidence_set_delivery_acceptance.py:11: KeyError
______________ test_precedence_rule_survives_nonempty_distractor _______________

tmp_path = PosixPath('/tmp/pytest-of-viadmin/pytest-64/test_precedence_rule_survives_0')

    def test_precedence_rule_survives_nonempty_distractor(tmp_path):
        question = ('Which page title wins when the navigation configuration '
                    'and Markdown content define different titles?')
        fact = 'The title in your nav setting overrides the Markdown heading.'
        cap = capture_reference_case(tmp_path, {
            'A.md': '# Navigation\n\nNavigation and Markdown support page layout examples.\n',
            'B.md': '# Page titles\n\n' + fact + '\n',
        }, question)
>       assert_bounds(cap['public_payload'])

tests/docs/test_evidence_set_delivery_acceptance.py:39: 
_ _ _ _ _ _ _ _ _ _ _ _ _ _ _ _ _ _ _ _ _ _ _ _ _ _ _ _ _ _ _ _ _ _ _ _ _ _ _ _ 

payload = {'answer_available': False, 'answer_supported': False, 'context_available': False, 'context_quality': {'reasons': ['source_unavailable'], 'status': 'unavailable'}, ...}

    def assert_bounds(payload):
        assert docs_context_budget_tokens(payload) <= 800
>       assert len(payload['sources']) <= 3
                   ^^^^^^^^^^^^^^^^^^
E       KeyError: 'sources'

tests/docs/test_evidence_set_delivery_acceptance.py:11: KeyError
_ test_independent_unknown_tail_preserves_known_evidence[pydantic-01-pydantic-07] _

tmp_path = PosixPath('/tmp/pytest-of-viadmin/pytest-64/test_independent_unknown_tail_0')
known = 'pydantic-01', compound = 'pydantic-07'

    @pytest.mark.parametrize('known,compound', [
        ('pydantic-01', 'pydantic-07'), ('ruff-01', 'ruff-07')])
    def test_independent_unknown_tail_preserves_known_evidence(tmp_path, known, compound):
        _, cases, _ = load_protocol()
        question = next(c['question'] for c in cases if c['id'] == compound)
        before = capture_case(tmp_path / 'before', known)
        after = capture_case(tmp_path / 'after', known, question=question)
        assert old_assessment(known, before)['context_sufficiency'] == 'sufficient'
>       assert old_assessment(known, after)['context_sufficiency'] == 'sufficient'
E       AssertionError: assert 'insufficient' == 'sufficient'
E         
E         - sufficient
E         + insufficient
E         ? ++

tests/docs/test_evidence_set_need_composition.py:15: AssertionError
___ test_independent_unknown_tail_preserves_known_evidence[ruff-01-ruff-07] ____

tmp_path = PosixPath('/tmp/pytest-of-viadmin/pytest-64/test_independent_unknown_tail_1')
known = 'ruff-01', compound = 'ruff-07'

    @pytest.mark.parametrize('known,compound', [
        ('pydantic-01', 'pydantic-07'), ('ruff-01', 'ruff-07')])
    def test_independent_unknown_tail_preserves_known_evidence(tmp_path, known, compound):
        _, cases, _ = load_protocol()
        question = next(c['question'] for c in cases if c['id'] == compound)
        before = capture_case(tmp_path / 'before', known)
        after = capture_case(tmp_path / 'after', known, question=question)
        assert old_assessment(known, before)['context_sufficiency'] == 'sufficient'
>       assert old_assessment(known, after)['context_sufficiency'] == 'sufficient'
E       AssertionError: assert 'insufficient' == 'sufficient'
E         
E         - sufficient
E         + insufficient
E         ? ++

tests/docs/test_evidence_set_need_composition.py:15: AssertionError
___________ test_independent_probe_cannot_derive_whole_root_coverage ___________

    def test_independent_probe_cannot_derive_whole_root_coverage():
        from docmancer.docs.domain.documentation_query_plan import build_documentation_query_plan
        p = build_documentation_query_plan('What is OrbitClient default timeout? Also identify a deployment choice.')
        parts = [q for q in p.queries if q.query_id.startswith('query-part-')]
>       assert parts and all(q.public_parent_query_id is None and not q.coverage_required for q in parts)
E       assert ([])

tests/docs/test_evidence_set_need_composition.py:79: AssertionError
_ test_independent_default_preserves_its_local_condition_veto[When preview is enabled, OrbitClient default timeout is 7 seconds.] _

body = 'When preview is enabled, OrbitClient default timeout is 7 seconds.'

    @pytest.mark.parametrize('body', [
        'When preview is enabled, OrbitClient default timeout is 7 seconds.',
        'OrbitClient default timeout is 7 seconds.',
    ])
    def test_independent_default_preserves_its_local_condition_veto(body):
        from dataclasses import asdict
        from docmancer.docs.domain.documentation_query_plan import build_documentation_query_plan
        from docmancer.docs.domain.evidence_qualification import qualify_evidence
        from docmancer.docs.domain.query_terms import documentation_query_terms, query_constraint_roles
        q = 'What is OrbitClient default timeout when preview is disabled? Also identify a deployment choice.'
>       part = next(x for x in build_documentation_query_plan(q).queries if x.query_id == 'query-part-1')
               ^^^^^^^^^^^^^^^^^^^^^^^^^^^^^^^^^^^^^^^^^^^^^^^^^^^^^^^^^^^^^^^^^^^^^^^^^^^^^^^^^^^^^^^^^^
E       StopIteration

tests/docs/test_evidence_set_need_composition.py:93: StopIteration
_ test_independent_default_preserves_its_local_condition_veto[OrbitClient default timeout is 7 seconds.] _

body = 'OrbitClient default timeout is 7 seconds.'

    @pytest.mark.parametrize('body', [
        'When preview is enabled, OrbitClient default timeout is 7 seconds.',
        'OrbitClient default timeout is 7 seconds.',
    ])
    def test_independent_default_preserves_its_local_condition_veto(body):
        from dataclasses import asdict
        from docmancer.docs.domain.documentation_query_plan import build_documentation_query_plan
        from docmancer.docs.domain.evidence_qualification import qualify_evidence
        from docmancer.docs.domain.query_terms import documentation_query_terms, query_constraint_roles
        q = 'What is OrbitClient default timeout when preview is disabled? Also identify a deployment choice.'
>       part = next(x for x in build_documentation_query_plan(q).queries if x.query_id == 'query-part-1')
               ^^^^^^^^^^^^^^^^^^^^^^^^^^^^^^^^^^^^^^^^^^^^^^^^^^^^^^^^^^^^^^^^^^^^^^^^^^^^^^^^^^^^^^^^^^
E       StopIteration

tests/docs/test_evidence_set_need_composition.py:93: StopIteration
____ test_independent_default_preserves_exact_identity_and_valid_condition _____

    def test_independent_default_preserves_exact_identity_and_valid_condition():
        from dataclasses import asdict
        from docmancer.docs.domain.documentation_query_plan import build_documentation_query_plan
        from docmancer.docs.domain.evidence_qualification import qualify_evidence
        from docmancer.docs.domain.query_terms import documentation_query_terms, query_constraint_roles
        q = 'What is OrbitClient default timeout when preview is disabled? Also identify a deployment choice.'
>       part = next(x for x in build_documentation_query_plan(q).queries if x.query_id == 'query-part-1')
               ^^^^^^^^^^^^^^^^^^^^^^^^^^^^^^^^^^^^^^^^^^^^^^^^^^^^^^^^^^^^^^^^^^^^^^^^^^^^^^^^^^^^^^^^^^
E       StopIteration

tests/docs/test_evidence_set_need_composition.py:107: StopIteration
_______ test_need_contract_compilation_and_query_planning_perform_no_io ________

monkeypatch = <_pytest.monkeypatch.MonkeyPatch object at 0x7f2a85821940>

    def test_need_contract_compilation_and_query_planning_perform_no_io(monkeypatch):
        from pathlib import Path
        import socket
        from docmancer.docs.domain.documentation_query_plan import build_documentation_query_plan
        from docmancer.docs.domain.need_composition import independent_sentence_spans
        def forbidden(*args, **kwargs):
            raise AssertionError('query composition performed I/O')
        monkeypatch.setattr('builtins.open', forbidden)
        monkeypatch.setattr(Path, 'read_text', forbidden)
        monkeypatch.setattr(Path, 'read_bytes', forbidden)
        monkeypatch.setattr(socket, 'socket', forbidden)
        # Deliberately unseen input to avoid a warm parser cache hiding a read.
        q = 'What is FreshClient default timeout? Also identify an undocumented choice.'
        assert len(independent_sentence_spans(q)) == 2
        assert compile_question(q)
>       assert any(x.query_id == 'query-part-1' for x in build_documentation_query_plan(q).queries)
E       assert False
E        +  where False = any(<generator object test_need_contract_compilation_and_query_planning_perform_no_io.<locals>.<genexpr> at 0x7f2a85747370>)

tests/docs/test_evidence_set_need_composition.py:132: AssertionError
_ test_planning_keeps_unresolved_and_relation_fields_without_public_facet_ids __

    def test_planning_keeps_unresolved_and_relation_fields_without_public_facet_ids():
        from docmancer.docs.domain.documentation_query_plan import build_documentation_query_plan
        question = 'What is OrbitClient default timeout? Also identify the private deployment choice.'
        plan = build_documentation_query_plan(question)
        rows = [q for q in plan.queries if q.query_id.startswith('query-part-')]
>       assert len(rows) == 2
E       assert 0 == 2
E        +  where 0 = len([])

tests/docs/test_evidence_set_private_plan.py:28: AssertionError
_________ test_native_composition_question_searches_the_named_concept __________

tmp_path = PosixPath('/tmp/pytest-of-viadmin/pytest-64/test_native_composition_questi0')
monkeypatch = <_pytest.monkeypatch.MonkeyPatch object at 0x7f2a86fe2900>

    def test_native_composition_question_searches_the_named_concept(tmp_path, monkeypatch):
        calls = []
        actual = RetrievalDispatcher.run
        def record(self, query, **kwargs):
            result = actual(self, query, **kwargs)
            calls.append((query, deepcopy(kwargs), [c.text for c in result.chunks]))
            return result
        monkeypatch.setattr(RetrievalDispatcher, 'run', record)
        capture = capture_case(tmp_path, 'fastapi-06')
        focal = [entry for entry in calls if entry[0] == 'origin']
>       assert focal, [(q, k.get('filters')) for q,k,_ in calls]
E       AssertionError: [('Из каких компонентов состоит origin в CORS?', {'lifecycle_status': {'in': ['active', 'current']}, 'project_identity...ect_path': '/tmp/pytest-of-viadmin/pytest-64/test_native_composition_questi0/corpus', 'source_class': 'project_file'})]
E       assert []

tests/docs/test_evidence_set_query_execution.py:17: AssertionError
________________ test_stale_health_live_status_sync_and_removal ________________

monkeypatch = <_pytest.monkeypatch.MonkeyPatch object at 0x7f2a8551b460>

    def test_stale_health_live_status_sync_and_removal(monkeypatch):
        from eval.project_context_quality_v2_protocol import load_cases, validate_corpus, evaluate_case, _witness_visible
        from scripts.run_project_docs_self_host_gate import LiveCase, run
    
>       validate_corpus()

tests/docs/test_generic_context_workflows.py:60: 
_ _ _ _ _ _ _ _ _ _ _ _ _ _ _ _ _ _ _ _ _ _ _ _ _ _ _ _ _ _ _ _ _ _ _ _ _ _ _ _ 

    def validate_corpus() -> dict[str, Any]:
        rows = load_cases()
        catalog = _catalog()
        lock = json.loads(LOCK_PATH.read_text(encoding="utf-8"))
        migration = json.loads(MIGRATION_PATH.read_text(encoding="utf-8"))["crosswalk"]
        if {row["v2_id"] for row in migration} != {row["id"] for row in rows}:
            raise ValueError("v2 migration crosswalk is incomplete")
        witness_paths: set[str] = set()
        lane_counts: Counter[str] = Counter()
        type_counts: Counter[str] = Counter()
        for case in rows:
            lane_counts[case["lane"]] += 1
            case_type = case.get("case_type", "positive" if case["expected_kind"] == "docs_context" else "strict_negative")
            type_counts[case_type] += 1
            if case["question"] != case["original_question"]:
                raise ValueError(f"original prompt changed: {case['id']}")
            if case.get("case_type", "positive" if case["expected_kind"] == "docs_context" else "strict_negative") == "positive" and not case["obligations"]:
                raise ValueError(f"positive case has no obligations: {case['id']}")
            if len(case["lookup_queries"]) != len(case["lookup_query_ids"]):
                raise ValueError(f"lookup inventory mismatch: {case['id']}")
            for obligation in case["obligations"]:
                if not obligation.get("accepted_witnesses") or not obligation.get("lookup_query_ids"):
                    raise ValueError(f"incomplete obligation: {case['id']}/{obligation['id']}")
                if obligation["id"] in case["lookup_query_ids"]:
                    raise ValueError(f"semantic obligation reuses a lookup id: {case['id']}/{obligation['id']}")
                for witness in obligation["accepted_witnesses"]:
                    path = witness["path"]
                    metadata = catalog.get(path)
                    if metadata is None:
                        raise ValueError(f"witness is not an active catalog document: {path}")
                    if metadata["authority"] not in obligation["accepted_authorities"] or metadata["scope"] not in obligation["accepted_scopes"]:
                        raise ValueError(f"witness authority/scope mismatch: {path}")
                    if normalize_prose(witness["text"]) not in normalize_prose((ROOT / path).read_text(encoding="utf-8")):
>                       raise ValueError(f"witness text is absent from active document: {path}")
E                       ValueError: witness text is absent from active document: docs/mcp-docs-server.md

eval/project_context_quality_v2_protocol.py:168: ValueError
________________________ test_first_session_live_query _________________________

monkeypatch = <_pytest.monkeypatch.MonkeyPatch object at 0x7f2a85b30980>

    def test_first_session_live_query(monkeypatch):
        from copy import deepcopy
        from eval.project_context_quality_v2_protocol import load_cases, validate_corpus, evaluate_case
        from scripts.run_project_docs_self_host_gate import LiveCase, run
    
>       validate_corpus()

tests/docs/test_generic_context_workflows.py:109: 
_ _ _ _ _ _ _ _ _ _ _ _ _ _ _ _ _ _ _ _ _ _ _ _ _ _ _ _ _ _ _ _ _ _ _ _ _ _ _ _ 

    def validate_corpus() -> dict[str, Any]:
        rows = load_cases()
        catalog = _catalog()
        lock = json.loads(LOCK_PATH.read_text(encoding="utf-8"))
        migration = json.loads(MIGRATION_PATH.read_text(encoding="utf-8"))["crosswalk"]
        if {row["v2_id"] for row in migration} != {row["id"] for row in rows}:
            raise ValueError("v2 migration crosswalk is incomplete")
        witness_paths: set[str] = set()
        lane_counts: Counter[str] = Counter()
        type_counts: Counter[str] = Counter()
        for case in rows:
            lane_counts[case["lane"]] += 1
            case_type = case.get("case_type", "positive" if case["expected_kind"] == "docs_context" else "strict_negative")
            type_counts[case_type] += 1
            if case["question"] != case["original_question"]:
                raise ValueError(f"original prompt changed: {case['id']}")
            if case.get("case_type", "positive" if case["expected_kind"] == "docs_context" else "strict_negative") == "positive" and not case["obligations"]:
                raise ValueError(f"positive case has no obligations: {case['id']}")
            if len(case["lookup_queries"]) != len(case["lookup_query_ids"]):
                raise ValueError(f"lookup inventory mismatch: {case['id']}")
            for obligation in case["obligations"]:
                if not obligation.get("accepted_witnesses") or not obligation.get("lookup_query_ids"):
                    raise ValueError(f"incomplete obligation: {case['id']}/{obligation['id']}")
                if obligation["id"] in case["lookup_query_ids"]:
                    raise ValueError(f"semantic obligation reuses a lookup id: {case['id']}/{obligation['id']}")
                for witness in obligation["accepted_witnesses"]:
                    path = witness["path"]
                    metadata = catalog.get(path)
                    if metadata is None:
                        raise ValueError(f"witness is not an active catalog document: {path}")
                    if metadata["authority"] not in obligation["accepted_authorities"] or metadata["scope"] not in obligation["accepted_scopes"]:
                        raise ValueError(f"witness authority/scope mismatch: {path}")
                    if normalize_prose(witness["text"]) not in normalize_prose((ROOT / path).read_text(encoding="utf-8")):
>                       raise ValueError(f"witness text is absent from active document: {path}")
E                       ValueError: witness text is absent from active document: docs/mcp-docs-server.md

eval/project_context_quality_v2_protocol.py:168: ValueError
___________________ test_contributor_live_reading_and_tests ____________________

    def test_contributor_live_reading_and_tests():
        from eval.project_context_quality_v2_protocol import load_cases, validate_corpus, evaluate_case
        from scripts.run_project_docs_self_host_gate import LiveCase, run
    
>       validate_corpus()

tests/docs/test_generic_context_workflows.py:220: 
_ _ _ _ _ _ _ _ _ _ _ _ _ _ _ _ _ _ _ _ _ _ _ _ _ _ _ _ _ _ _ _ _ _ _ _ _ _ _ _ 

    def validate_corpus() -> dict[str, Any]:
        rows = load_cases()
        catalog = _catalog()
        lock = json.loads(LOCK_PATH.read_text(encoding="utf-8"))
        migration = json.loads(MIGRATION_PATH.read_text(encoding="utf-8"))["crosswalk"]
        if {row["v2_id"] for row in migration} != {row["id"] for row in rows}:
            raise ValueError("v2 migration crosswalk is incomplete")
        witness_paths: set[str] = set()
        lane_counts: Counter[str] = Counter()
        type_counts: Counter[str] = Counter()
        for case in rows:
            lane_counts[case["lane"]] += 1
            case_type = case.get("case_type", "positive" if case["expected_kind"] == "docs_context" else "strict_negative")
            type_counts[case_type] += 1
            if case["question"] != case["original_question"]:
                raise ValueError(f"original prompt changed: {case['id']}")
            if case.get("case_type", "positive" if case["expected_kind"] == "docs_context" else "strict_negative") == "positive" and not case["obligations"]:
                raise ValueError(f"positive case has no obligations: {case['id']}")
            if len(case["lookup_queries"]) != len(case["lookup_query_ids"]):
                raise ValueError(f"lookup inventory mismatch: {case['id']}")
            for obligation in case["obligations"]:
                if not obligation.get("accepted_witnesses") or not obligation.get("lookup_query_ids"):
                    raise ValueError(f"incomplete obligation: {case['id']}/{obligation['id']}")
                if obligation["id"] in case["lookup_query_ids"]:
                    raise ValueError(f"semantic obligation reuses a lookup id: {case['id']}/{obligation['id']}")
                for witness in obligation["accepted_witnesses"]:
                    path = witness["path"]
                    metadata = catalog.get(path)
                    if metadata is None:
                        raise ValueError(f"witness is not an active catalog document: {path}")
                    if metadata["authority"] not in obligation["accepted_authorities"] or metadata["scope"] not in obligation["accepted_scopes"]:
                        raise ValueError(f"witness authority/scope mismatch: {path}")
                    if normalize_prose(witness["text"]) not in normalize_prose((ROOT / path).read_text(encoding="utf-8")):
>                       raise ValueError(f"witness text is absent from active document: {path}")
E                       ValueError: witness text is absent from active document: docs/mcp-docs-server.md

eval/project_context_quality_v2_protocol.py:168: ValueError
____ test_remaining_live_workflow_witnesses[v2-natural-evidence-selection] _____

case_id = 'v2-natural-evidence-selection'
monkeypatch = <_pytest.monkeypatch.MonkeyPatch object at 0x7f2a860259b0>

    @pytest.mark.parametrize("case_id", [
        "v2-natural-evidence-selection", "v2-natural-offline", "v2-paraphrase-local-trial",
    ])
    def test_remaining_live_workflow_witnesses(case_id, monkeypatch):
        import hashlib
        from eval.project_context_quality_v2_protocol import load_cases, validate_corpus, evaluate_case
        from scripts.run_project_docs_self_host_gate import LiveCase, run
        from docmancer.docs.application.model_visible_projection import validate_model_visible_projection
    
>       validate_corpus()

tests/docs/test_generic_context_workflows.py:245: 
_ _ _ _ _ _ _ _ _ _ _ _ _ _ _ _ _ _ _ _ _ _ _ _ _ _ _ _ _ _ _ _ _ _ _ _ _ _ _ _ 

    def validate_corpus() -> dict[str, Any]:
        rows = load_cases()
        catalog = _catalog()
        lock = json.loads(LOCK_PATH.read_text(encoding="utf-8"))
        migration = json.loads(MIGRATION_PATH.read_text(encoding="utf-8"))["crosswalk"]
        if {row["v2_id"] for row in migration} != {row["id"] for row in rows}:
            raise ValueError("v2 migration crosswalk is incomplete")
        witness_paths: set[str] = set()
        lane_counts: Counter[str] = Counter()
        type_counts: Counter[str] = Counter()
        for case in rows:
            lane_counts[case["lane"]] += 1
            case_type = case.get("case_type", "positive" if case["expected_kind"] == "docs_context" else "strict_negative")
            type_counts[case_type] += 1
            if case["question"] != case["original_question"]:
                raise ValueError(f"original prompt changed: {case['id']}")
            if case.get("case_type", "positive" if case["expected_kind"] == "docs_context" else "strict_negative") == "positive" and not case["obligations"]:
                raise ValueError(f"positive case has no obligations: {case['id']}")
            if len(case["lookup_queries"]) != len(case["lookup_query_ids"]):
                raise ValueError(f"lookup inventory mismatch: {case['id']}")
            for obligation in case["obligations"]:
                if not obligation.get("accepted_witnesses") or not obligation.get("lookup_query_ids"):
                    raise ValueError(f"incomplete obligation: {case['id']}/{obligation['id']}")
                if obligation["id"] in case["lookup_query_ids"]:
                    raise ValueError(f"semantic obligation reuses a lookup id: {case['id']}/{obligation['id']}")
                for witness in obligation["accepted_witnesses"]:
                    path = witness["path"]
                    metadata = catalog.get(path)
                    if metadata is None:
                        raise ValueError(f"witness is not an active catalog document: {path}")
                    if metadata["authority"] not in obligation["accepted_authorities"] or metadata["scope"] not in obligation["accepted_scopes"]:
                        raise ValueError(f"witness authority/scope mismatch: {path}")
                    if normalize_prose(witness["text"]) not in normalize_prose((ROOT / path).read_text(encoding="utf-8")):
>                       raise ValueError(f"witness text is absent from active document: {path}")
E                       ValueError: witness text is absent from active document: docs/mcp-docs-server.md

eval/project_context_quality_v2_protocol.py:168: ValueError
__________ test_remaining_live_workflow_witnesses[v2-natural-offline] __________

case_id = 'v2-natural-offline'
monkeypatch = <_pytest.monkeypatch.MonkeyPatch object at 0x7f2a86eed2b0>

    @pytest.mark.parametrize("case_id", [
        "v2-natural-evidence-selection", "v2-natural-offline", "v2-paraphrase-local-trial",
    ])
    def test_remaining_live_workflow_witnesses(case_id, monkeypatch):
        import hashlib
        from eval.project_context_quality_v2_protocol import load_cases, validate_corpus, evaluate_case
        from scripts.run_project_docs_self_host_gate import LiveCase, run
        from docmancer.docs.application.model_visible_projection import validate_model_visible_projection
    
>       validate_corpus()

tests/docs/test_generic_context_workflows.py:245: 
_ _ _ _ _ _ _ _ _ _ _ _ _ _ _ _ _ _ _ _ _ _ _ _ _ _ _ _ _ _ _ _ _ _ _ _ _ _ _ _ 

    def validate_corpus() -> dict[str, Any]:
        rows = load_cases()
        catalog = _catalog()
        lock = json.loads(LOCK_PATH.read_text(encoding="utf-8"))
        migration = json.loads(MIGRATION_PATH.read_text(encoding="utf-8"))["crosswalk"]
        if {row["v2_id"] for row in migration} != {row["id"] for row in rows}:
            raise ValueError("v2 migration crosswalk is incomplete")
        witness_paths: set[str] = set()
        lane_counts: Counter[str] = Counter()
        type_counts: Counter[str] = Counter()
        for case in rows:
            lane_counts[case["lane"]] += 1
            case_type = case.get("case_type", "positive" if case["expected_kind"] == "docs_context" else "strict_negative")
            type_counts[case_type] += 1
            if case["question"] != case["original_question"]:
                raise ValueError(f"original prompt changed: {case['id']}")
            if case.get("case_type", "positive" if case["expected_kind"] == "docs_context" else "strict_negative") == "positive" and not case["obligations"]:
                raise ValueError(f"positive case has no obligations: {case['id']}")
            if len(case["lookup_queries"]) != len(case["lookup_query_ids"]):
                raise ValueError(f"lookup inventory mismatch: {case['id']}")
            for obligation in case["obligations"]:
                if not obligation.get("accepted_witnesses") or not obligation.get("lookup_query_ids"):
                    raise ValueError(f"incomplete obligation: {case['id']}/{obligation['id']}")
                if obligation["id"] in case["lookup_query_ids"]:
                    raise ValueError(f"semantic obligation reuses a lookup id: {case['id']}/{obligation['id']}")
                for witness in obligation["accepted_witnesses"]:
                    path = witness["path"]
                    metadata = catalog.get(path)
                    if metadata is None:
                        raise ValueError(f"witness is not an active catalog document: {path}")
                    if metadata["authority"] not in obligation["accepted_authorities"] or metadata["scope"] not in obligation["accepted_scopes"]:
                        raise ValueError(f"witness authority/scope mismatch: {path}")
                    if normalize_prose(witness["text"]) not in normalize_prose((ROOT / path).read_text(encoding="utf-8")):
>                       raise ValueError(f"witness text is absent from active document: {path}")
E                       ValueError: witness text is absent from active document: docs/mcp-docs-server.md

eval/project_context_quality_v2_protocol.py:168: ValueError
______ test_remaining_live_workflow_witnesses[v2-paraphrase-local-trial] _______

case_id = 'v2-paraphrase-local-trial'
monkeypatch = <_pytest.monkeypatch.MonkeyPatch object at 0x7f2a863807c0>

    @pytest.mark.parametrize("case_id", [
        "v2-natural-evidence-selection", "v2-natural-offline", "v2-paraphrase-local-trial",
    ])
    def test_remaining_live_workflow_witnesses(case_id, monkeypatch):
        import hashlib
        from eval.project_context_quality_v2_protocol import load_cases, validate_corpus, evaluate_case
        from scripts.run_project_docs_self_host_gate import LiveCase, run
        from docmancer.docs.application.model_visible_projection import validate_model_visible_projection
    
>       validate_corpus()

tests/docs/test_generic_context_workflows.py:245: 
_ _ _ _ _ _ _ _ _ _ _ _ _ _ _ _ _ _ _ _ _ _ _ _ _ _ _ _ _ _ _ _ _ _ _ _ _ _ _ _ 

    def validate_corpus() -> dict[str, Any]:
        rows = load_cases()
        catalog = _catalog()
        lock = json.loads(LOCK_PATH.read_text(encoding="utf-8"))
        migration = json.loads(MIGRATION_PATH.read_text(encoding="utf-8"))["crosswalk"]
        if {row["v2_id"] for row in migration} != {row["id"] for row in rows}:
            raise ValueError("v2 migration crosswalk is incomplete")
        witness_paths: set[str] = set()
        lane_counts: Counter[str] = Counter()
        type_counts: Counter[str] = Counter()
        for case in rows:
            lane_counts[case["lane"]] += 1
            case_type = case.get("case_type", "positive" if case["expected_kind"] == "docs_context" else "strict_negative")
            type_counts[case_type] += 1
            if case["question"] != case["original_question"]:
                raise ValueError(f"original prompt changed: {case['id']}")
            if case.get("case_type", "positive" if case["expected_kind"] == "docs_context" else "strict_negative") == "positive" and not case["obligations"]:
                raise ValueError(f"positive case has no obligations: {case['id']}")
            if len(case["lookup_queries"]) != len(case["lookup_query_ids"]):
                raise ValueError(f"lookup inventory mismatch: {case['id']}")
            for obligation in case["obligations"]:
                if not obligation.get("accepted_witnesses") or not obligation.get("lookup_query_ids"):
                    raise ValueError(f"incomplete obligation: {case['id']}/{obligation['id']}")
                if obligation["id"] in case["lookup_query_ids"]:
                    raise ValueError(f"semantic obligation reuses a lookup id: {case['id']}/{obligation['id']}")
                for witness in obligation["accepted_witnesses"]:
                    path = witness["path"]
                    metadata = catalog.get(path)
                    if metadata is None:
                        raise ValueError(f"witness is not an active catalog document: {path}")
                    if metadata["authority"] not in obligation["accepted_authorities"] or metadata["scope"] not in obligation["accepted_scopes"]:
                        raise ValueError(f"witness authority/scope mismatch: {path}")
                    if normalize_prose(witness["text"]) not in normalize_prose((ROOT / path).read_text(encoding="utf-8")):
>                       raise ValueError(f"witness text is absent from active document: {path}")
E                       ValueError: witness text is absent from active document: docs/mcp-docs-server.md

eval/project_context_quality_v2_protocol.py:168: ValueError
______________________ test_catalog_live_invalid_behavior ______________________

monkeypatch = <_pytest.monkeypatch.MonkeyPatch object at 0x7f2a86d446e0>

    def test_catalog_live_invalid_behavior(monkeypatch):
        from eval.project_context_quality_v2_protocol import load_cases, validate_corpus, evaluate_case
        from scripts.run_project_docs_self_host_gate import LiveCase, run
    
>       validate_corpus()

tests/docs/test_generic_context_workflows.py:520: 
_ _ _ _ _ _ _ _ _ _ _ _ _ _ _ _ _ _ _ _ _ _ _ _ _ _ _ _ _ _ _ _ _ _ _ _ _ _ _ _ 

    def validate_corpus() -> dict[str, Any]:
        rows = load_cases()
        catalog = _catalog()
        lock = json.loads(LOCK_PATH.read_text(encoding="utf-8"))
        migration = json.loads(MIGRATION_PATH.read_text(encoding="utf-8"))["crosswalk"]
        if {row["v2_id"] for row in migration} != {row["id"] for row in rows}:
            raise ValueError("v2 migration crosswalk is incomplete")
        witness_paths: set[str] = set()
        lane_counts: Counter[str] = Counter()
        type_counts: Counter[str] = Counter()
        for case in rows:
            lane_counts[case["lane"]] += 1
            case_type = case.get("case_type", "positive" if case["expected_kind"] == "docs_context" else "strict_negative")
            type_counts[case_type] += 1
            if case["question"] != case["original_question"]:
                raise ValueError(f"original prompt changed: {case['id']}")
            if case.get("case_type", "positive" if case["expected_kind"] == "docs_context" else "strict_negative") == "positive" and not case["obligations"]:
                raise ValueError(f"positive case has no obligations: {case['id']}")
            if len(case["lookup_queries"]) != len(case["lookup_query_ids"]):
                raise ValueError(f"lookup inventory mismatch: {case['id']}")
            for obligation in case["obligations"]:
                if not obligation.get("accepted_witnesses") or not obligation.get("lookup_query_ids"):
                    raise ValueError(f"incomplete obligation: {case['id']}/{obligation['id']}")
                if obligation["id"] in case["lookup_query_ids"]:
                    raise ValueError(f"semantic obligation reuses a lookup id: {case['id']}/{obligation['id']}")
                for witness in obligation["accepted_witnesses"]:
                    path = witness["path"]
                    metadata = catalog.get(path)
                    if metadata is None:
                        raise ValueError(f"witness is not an active catalog document: {path}")
                    if metadata["authority"] not in obligation["accepted_authorities"] or metadata["scope"] not in obligation["accepted_scopes"]:
                        raise ValueError(f"witness authority/scope mismatch: {path}")
                    if normalize_prose(witness["text"]) not in normalize_prose((ROOT / path).read_text(encoding="utf-8")):
>                       raise ValueError(f"witness text is absent from active document: {path}")
E                       ValueError: witness text is absent from active document: docs/mcp-docs-server.md

eval/project_context_quality_v2_protocol.py:168: ValueError
_ test_original_and_known_paraphrase_deliver_complete_block[fastapi-paraphrase-2] _

tmp_path = PosixPath('/tmp/pytest-of-viadmin/pytest-64/test_original_and_known_paraph5')
case_id = 'fastapi-paraphrase-2', library = 'fastapi'
question = 'At what point in the response lifecycle are FastAPI background tasks executed?'

    @pytest.mark.parametrize('case_id,library,question', CASES,
                             ids=[c[0] for c in CASES])
    def test_original_and_known_paraphrase_deliver_complete_block(
        tmp_path, case_id, library, question,
    ):
        _, _, manifest = load_protocol()
        documents = documents_for(library, manifest)
        project = tmp_path / 'project'
        write_project(project, documents)
        request = {'question': question, 'project_path': str(project), 'scope': 'all'}
        assert 'lookup_queries' not in request
        with isolated_service(tmp_path / 'state') as (service, config):
            inventory = index_project(service, config, project)
            assert not inventory['excluded_or_failed_paths']
            payload, trace = observe_call(service, request)
        assert audit_payload(payload, trace['snapshot'], project) == []
        assert docs_context_budget_tokens(payload) <= 800
        assert len(payload.get('sources', [])) <= 3
        assert payload['answer_supported'] is False
        assert payload['edit_ready'] is False
        block = required_block(library, documents)
>       assert any(block in row['snippet'] for row in payload.get('sources', [])), {
            'case_id': case_id, 'request': request, 'payload': payload,
        }
E       AssertionError: {'case_id': 'fastapi-paraphrase-2', 'payload': {'answer_available': False, 'answer_policy': 'cite_only', 'answer_suppo...roject', 'question': 'At what point in the response lifecycle are FastAPI background tasks executed?', 'scope': 'all'}}
E       assert False
E        +  where False = any(<generator object test_original_and_known_paraphrase_deliver_complete_block.<locals>.<genexpr> at 0x7f2a851fde00>)

tests/docs/test_joint_context_acceptance.py:56: AssertionError
_____ test_real_frozen_flow_all_witnesses_without_changing_expected_labels _____

    def test_real_frozen_flow_all_witnesses_without_changing_expected_labels():
        from tests.docs.test_context_projection_boundaries import (
            test_frozen_request_flow_prefers_project_context_module_witnesses,
        )
        # Same existing integration assertion, no weakened rubric or replacement payload.
        with flow_experiment():
>           test_frozen_request_flow_prefers_project_context_module_witnesses()

tests/docs/test_language_flow_experiment.py:112: 
_ _ _ _ _ _ _ _ _ _ _ _ _ _ _ _ _ _ _ _ _ _ _ _ _ _ _ _ _ _ _ _ _ _ _ _ _ _ _ _ 

    def test_frozen_request_flow_prefers_project_context_module_witnesses():
        from eval.project_context_quality_v2_protocol import evaluate_case, load_cases
        from scripts.run_project_docs_self_host_gate import LiveCase, run
    
        case = next(row for row in load_cases() if row["id"] == "v2-natural-request-flow")
        result = run(cases=(LiveCase(
            case_id=case["id"], question=case["question"], relevant_paths=(),
            lookup_queries=tuple(case["lookup_queries"]), scope=case["scope"],
        ),), negative_cases=())
        payload = result["results"][0]["payload"]
        verdict = evaluate_case(case, payload)
        assert "docs/modules/project-context-retrieval.md" in {
            source["path_or_url"] for source in payload["sources"]
        }
>       assert all(row["met"] for row in verdict["obligations"]), verdict["obligations"]
E       AssertionError: [{'id': 'flow_mcp', 'lookup_query_ids': ['query-lookup-1'], 'met': False, 'visible_witnesses': []}, {'id': 'flow_appli...tnesses': []}, {'id': 'flow_selection', 'lookup_query_ids': ['query-lookup-3'], 'met': False, 'visible_witnesses': []}]
E       assert False
E        +  where False = all(<generator object test_frozen_request_flow_prefers_project_context_module_witnesses.<locals>.<genexpr> at 0x7f2a856aa8e0>)

tests/docs/test_context_projection_boundaries.py:236: AssertionError
_______ test_literal_mixed_script_phrase_is_optional_not_original_proof ________

    def test_literal_mixed_script_phrase_is_optional_not_original_proof():
        question = "Как работает resource cache, сохраняя ограничения?"
        plan = build_documentation_query_plan(question)
        runs = [q for q in plan.queries if q.text == "resource cache"]
>       assert len(runs) == 1
E       assert 0 == 1
E        +  where 0 = len([])

tests/docs/test_mixed_script_recovery.py:16: AssertionError
___ test_original_negative_option_question_is_recoverable_without_host_hints ___

tmp_path = PosixPath('/tmp/pytest-of-viadmin/pytest-64/test_original_negative_option_0')

    def test_original_negative_option_question_is_recoverable_without_host_hints(tmp_path):
        _, cases, manifest = load_protocol()
        case = next(c for c in cases if c["id"] == "typer-05")
        docs = documents_for("typer", manifest)
        root = tmp_path / "project"
        write_project(root, docs)
        fact = case["required_claims"][0]["witness_sets"][0]["parts"][0]["text"]
        request = {"question": case["question"], "project_path": str(root), "scope": "all"}
        with isolated_service(tmp_path / "state") as (service, config):
            index_project(service, config, root)
            payload, trace = observe_call(service, request)
            assert audit_payload(payload, trace["snapshot"], root) == []
            text = [s["snippet"] for s in payload.get("sources", [])]
            if not any(fact in s for s in text):
>               assert len(payload.get("read_next", [])) == 1, payload
E               AssertionError: {'answer_available': False, 'answer_supported': False, 'context_available': False, 'context_quality': {'reasons': ['source_unavailable'], 'status': 'unavailable'}, ...}
E               assert 0 == 1
E                +  where 0 = len([])
E                +    where [] = <built-in method get of dict object at 0x7f2a88900a40>('read_next', [])
E                +      where <built-in method get of dict object at 0x7f2a88900a40> = {'answer_available': False, 'answer_supported': False, 'context_available': False, 'context_quality': {'reasons': ['source_unavailable'], 'status': 'unavailable'}, ...}.get

tests/docs/test_mixed_script_recovery.py:39: AssertionError
____ test_docs_context_is_retrieval_only_snapshot_bound_and_not_edit_ready _____

    def test_docs_context_is_retrieval_only_snapshot_bound_and_not_edit_ready():
        retrieval = {
            "context_pack": [{
                "source_class": "project_doc",
                "path": "docs/architecture.md",
                "heading_path": "Request flow",
                "content": "Requests enter through the MCP router and then reach the project retrieval service.",
                "project_identity": "git:example/project",
                "line_start": 12,
                "line_end": 14,
                "authority": "source_of_truth",
                "doc_scope": "project",
                "lifecycle_status": "active",
                "freshness": "current",
                "index_freshness": "synchronized",
                "risk_flags": [],
                "retrieval_query_ids": ["query-original"],
                "retrieval_query_matches": {
                    "query-original": {"qualified": True, "mode": "and"},
                },
            }],
            "documentation_query_plan": {"query_ids": ["query-original", "query-lookup-1"], "queries": [
                {"query_id": "query-original", "text": "How does the MCP router work?", "origin": "original"},
                {
                    "query_id": "query-lookup-1",
                    "text": "retrieval lifecycle",
                    "origin": "mandatory_facet",
                    "facet_id": "facet-routing-lifecycle",
                    "requirement_id": "project_answer:routing-lifecycle",
                },
            ]},
        }
        projection, snapshot = project_docs_context(retrieval=retrieval)
>       assert projection["status"] == "ok"
E       AssertionError: assert 'insufficient_evidence' == 'ok'
E         
E         - ok
E         + insufficient_evidence

tests/docs/test_model_visible_projection.py:63: AssertionError
____ test_separate_default_and_exception_survive_long_root[17-LeaseExpired] ____

tmp_path = PosixPath('/tmp/pytest-of-viadmin/pytest-64/test_separate_default_and_exce0')
value = 17, error = 'LeaseExpired'

    @pytest.mark.parametrize("value,error", [(17, "LeaseExpired"), (29, "WaitExpired")])
    def test_separate_default_and_exception_survive_long_root(tmp_path, value, error):
        docs = {
            "default.md": (
                "# LeaseClient\n\n"
                f"The default timeout is {value} seconds.\n"
            ),
            "error.md": (
                "# LeaseClient\n\n"
                f"An expired operation raises `{error}`.\n"
            ),
            "overview.md": (
                "# Overview\n\n"
                "LeaseClient default timeout duration requests exception operation behavior documentation.\n"
            ),
        }
        capture = capture_fixture(
            tmp_path, docs,
            "What is LeaseClient default timeout duration for requests and "
            "which exception is raised when an operation expires?",
        )
        text = visible(capture)
>       assert f"{value} seconds" in text
E       AssertionError: assert '17 seconds' in '# Overview\n\nLeaseClient default timeout duration requests exception operation behavior documentation.'

tests/docs/test_need_local_admission.py:28: AssertionError
____ test_separate_default_and_exception_survive_long_root[29-WaitExpired] _____

tmp_path = PosixPath('/tmp/pytest-of-viadmin/pytest-64/test_separate_default_and_exce1')
value = 29, error = 'WaitExpired'

    @pytest.mark.parametrize("value,error", [(17, "LeaseExpired"), (29, "WaitExpired")])
    def test_separate_default_and_exception_survive_long_root(tmp_path, value, error):
        docs = {
            "default.md": (
                "# LeaseClient\n\n"
                f"The default timeout is {value} seconds.\n"
            ),
            "error.md": (
                "# LeaseClient\n\n"
                f"An expired operation raises `{error}`.\n"
            ),
            "overview.md": (
                "# Overview\n\n"
                "LeaseClient default timeout duration requests exception operation behavior documentation.\n"
            ),
        }
        capture = capture_fixture(
            tmp_path, docs,
            "What is LeaseClient default timeout duration for requests and "
            "which exception is raised when an operation expires?",
        )
        text = visible(capture)
>       assert f"{value} seconds" in text
E       AssertionError: assert '29 seconds' in '# Overview\n\nLeaseClient default timeout duration requests exception operation behavior documentation.'

tests/docs/test_need_local_admission.py:28: AssertionError
____ test_single_typed_need_keeps_internal_probe_even_when_text_equals_root ____

    def test_single_typed_need_keeps_internal_probe_even_when_text_equals_root():
        from docmancer.docs.domain.documentation_query_plan import build_documentation_query_plan
    
        plan = build_documentation_query_plan(
            "What happens to preview-switch when preview mode is disabled?"
        )
        needs = [query for query in plan.queries if query.origin == "retrieval_need"]
>       assert len(needs) == 1
E       assert 0 == 1
E        +  where 0 = len([])

tests/docs/test_need_local_admission.py:148: AssertionError
____________ test_v3_does_not_reclassify_frozen_v2_config_questions ____________

    def test_v3_does_not_reclassify_frozen_v2_config_questions():
        expected = {
            "What is the default query budget in docmancer.yaml?": (
                "fdc51fc235885c6af48517d9a85f653793ab3a5410d9e02c0a90a7d02d98ad20",
                "872c4a962af59af8078cfc62075a04c56b6bcfce7aed6c4a191ae61027196313",
            ),
            "What is the default indexing provider in docmancer.yaml?": (
                "5a5b5fdd3cfc118d625d0d6c6e776a201a6116dff7ca38374c0f6030353d0577",
                "e55ff49411a7977dd77e9573a2580701ce69fa6496cc95dac63e35f3da4e5286",
            ),
        }
        for question, (contract_hash, requirements_hash) in expected.items():
            contract = build_project_answer_contract(question)
            requirements = build_requirements(question, profile="project_docs_answer")
            assert contract.schema_version == PROJECT_ANSWER_CONTRACT_SCHEMA_V2
>           assert contract.contract_hash == contract_hash
E           AssertionError: assert '2a14b99f1a7e...47131635d5c66' == 'fdc51fc23588...0a7d02d98ad20'
E             
E             - fdc51fc235885c6af48517d9a85f653793ab3a5410d9e02c0a90a7d02d98ad20
E             + 2a14b99f1a7e8ee520b742976057f21ccd7f10842d8f6830a4e47131635d5c66

tests/docs/test_project_answer_contract_v3.py:96: AssertionError
___ test_reusable_question_frames_survive_real_manifest_sync_and_public_mcp ____

tmp_path = PosixPath('/tmp/pytest-of-viadmin/pytest-64/test_reusable_question_frames_0')
monkeypatch = <_pytest.monkeypatch.MonkeyPatch object at 0x7f2a87048d00>

    def test_reusable_question_frames_survive_real_manifest_sync_and_public_mcp(tmp_path, monkeypatch):
        project = tmp_path / "project"
        docs = project / "docs"
        docs.mkdir(parents=True)
        (project / "README.md").write_text("# Frame test project\n", encoding="utf-8")
        (docs / "sources.md").write_text(
            "# Supported source types\n\n"
            "DocAtlas Docs supports exactly five source types: `GitBook sites`, "
            "`Mintlify sites`, `Generic web docs`, `GitHub repos`, and `Local files`.\n",
            encoding="utf-8",
        )
        (docs / "formats.md").write_text(
            "# Local file formats\n\n"
            "Local file formats are `.md`, `.pdf`, `.docx`, `.rtf`, `.txt`, and `.html`.\n",
            encoding="utf-8",
        )
        (docs / "testing.md").write_text(
            "# Test markers\n\n"
            "The test suite markers are `integration`, `advanced`, `live`, and `live_network`.\n",
            encoding="utf-8",
        )
        (docs / "sync.md").write_text(
            "# Project documentation sync\n\n"
            "After changing a project documentation file, call "
            "`prepare_docs(action=\"sync_project_docs\")` to reconcile the project-docs index.\n",
            encoding="utf-8",
        )
        (docs / "smoke.md").write_text(
            "# Two-cell smoke procedure requirements\n\n"
            "The two-cell smoke procedure requires a provider-free preflight, one canary, "
            "exactly two cells, no retries, an event-stream audit, and harness verification.\n",
            encoding="utf-8",
        )
        entries = (
            ("README.md", "overview"),
            ("docs/sources.md", "other"),
            ("docs/formats.md", "other"),
            ("docs/testing.md", "development"),
            ("docs/sync.md", "runbook"),
            ("docs/smoke.md", "runbook"),
        )
        manifest = ["schema_version: 1", "documents:"]
        for path, role in entries:
            manifest.extend((
                f"  - path: {path}",
                f"    role: {role}",
                "    scope: project",
                f"    description: Test evidence from {path}.",
                "    authority: source_of_truth",
                "    status: active",
                "    impact: track",
            ))
        (project / "docatlas.project-docs.yaml").write_text("\n".join(manifest) + "\n", encoding="utf-8")
    
        service = _service(tmp_path, monkeypatch)
        assert service.sync_project_docs(str(project), with_vectors=False).status == "success"
    
        cases = (
            ("What source types are supported for indexing?", "GitBook sites"),
            ("Which source types are supported for indexing?", "GitBook sites"),
            ("Какие типы источников поддерживаются для индексации?", "GitBook sites"),
            ("Which file formats are supported for indexing?", ".docx"),
            ("Which document formats are supported for indexing?", ".rtf"),
            ("What test markers are available?", "live_network"),
            ("Which pytest markers are available?", "live_network"),
            ("What does the two-cell smoke procedure require?", "exactly two cells"),
            ("What is required by the two-cell smoke procedure?", "exactly two cells"),
            ("How do I sync project docs after changing a file?", "sync_project_docs"),
            ("Как синхронизировать документацию проекта после изменения файла?", "sync_project_docs"),
        )
        for question, expected in cases:
            lookup_queries = {
                "Какие типы источников поддерживаются для индексации?": [
                    "supported source types for indexing"
                ],
                "Which document formats are supported for indexing?": [
                    "local file formats"
                ],
            }.get(question)
            arguments = {"question": question, "project_path": str(project)}
            if lookup_queries:
                arguments["lookup_queries"] = lookup_queries
            payload = call_docs_tool_payload(
                "get_docs_context",
                arguments,
                service,
            )
>           assert payload["status"] == "ok", (question, payload)
E           AssertionError: ('Which pytest markers are available?', {'answer_available': False, 'answer_supported': False, 'context_available': False, 'context_quality': {'reasons': ['source_unavailable'], 'status': 'unavailable'}, ...})
E           assert 'insufficient_evidence' == 'ok'
E             
E             - ok
E             + insufficient_evidence

tests/docs/test_question_frame_paraphrase_e2e.py:111: AssertionError
______ test_question_plan_splits_compound_questions_into_mandatory_facets ______

    def test_question_plan_splits_compound_questions_into_mandatory_facets():
        retrieval_plan = build_documentation_query_plan(
            "What are the public tools and when should each tool be used?"
        )
        assert [(query.text, query.origin) for query in retrieval_plan.queries] == [
            ("What are the public tools and when should each tool be used?", "original"),
        ]
    
        contract, rows = _rows("What is the release checklist and what gates block release?")
        assert [(r.kind, r.subject, r.relation) for r in rows] == [
            ("purpose", "release checklist", "purpose"),
            ("relation", "release", "blocking_gates"),
        ]
        assert all(r.mandatory for r in rows)
        assert len(contract.clauses) if hasattr(contract, "clauses") else True
    
        project_docs_location = build_documentation_query_plan(
            "Where is project docs configuration defined?"
        )
>       assert project_docs_location.queries[-1].text == (
            "docatlas.project-docs.yaml project docs catalog configuration"
        )
E       AssertionError: assert 'Where is pro...tion defined?' == 'docatlas.pro...configuration'
E         
E         - docatlas.project-docs.yaml project docs catalog configuration
E         + Where is project docs configuration defined?

tests/docs/test_question_plan_v4.py:82: AssertionError
___ test_documentation_query_plan_v2_separates_required_queries_from_aliases ___

    def test_documentation_query_plan_v2_separates_required_queries_from_aliases():
        plan = build_documentation_query_plan(
            "Where is the project answer contract documented?"
        ).as_payload()
    
        assert plan["schema_version"] == "documentation-query-plan-v2"
        assert "query-original" in plan["required_query_ids"]
>       assert any(item["origin"] == "concept_alias" for item in plan["queries"])
E       assert False
E        +  where False = any(<generator object test_documentation_query_plan_v2_separates_required_queries_from_aliases.<locals>.<genexpr> at 0x7f2a85b39f20>)

tests/docs/test_question_plan_v4.py:869: AssertionError
_________ test_request_flow_host_lookups_gain_bounded_audited_rewrites _________

    def test_request_flow_host_lookups_gain_bounded_audited_rewrites():
        plan = _plan()
        host = {query.query_id: query.text for query in plan.queries if query.origin == "host_lookup"}
        assert host == {
            "query-lookup-1": LOOKUPS[0],
            "query-lookup-2": LOOKUPS[1],
            "query-lookup-3": LOOKUPS[2],
        }
        rewrites = _audited(plan)
        pairs = {(query.public_parent_query_id, query.text) for query in rewrites}
>       assert ("query-lookup-1", "get_docs_context question project_path lookup_queries module_path scope") in pairs
E       AssertionError: assert ('query-lookup-1', 'get_docs_context question project_path lookup_queries module_path scope') in set()

tests/docs/test_request_flow_lineage.py:34: AssertionError
__________________ test_audited_host_rewrite_count_is_bounded __________________

    def test_audited_host_rewrite_count_is_bounded():
        rewrites = [
            query for query in _audited(_plan())
            if str(query.public_parent_query_id or "").startswith("query-lookup-")
        ]
>       assert 1 <= len(rewrites) <= 4
E       assert 1 <= 0
E        +  where 0 = len([])

tests/docs/test_request_flow_lineage.py:53: AssertionError
________ test_request_flow_public_contract_remains_four_fact_fail_safe _________

    def test_request_flow_public_contract_remains_four_fact_fail_safe():
        from eval.project_context_quality_v2_protocol import evaluate_case, load_cases
        from scripts.run_project_docs_self_host_gate import LiveCase, run
    
        case = next(row for row in load_cases() if row["id"] == "v2-natural-request-flow")
        result = run(cases=(LiveCase(
            case_id=case["id"], question=case["question"], relevant_paths=(),
            lookup_queries=tuple(case["lookup_queries"]), scope=case["scope"],
        ),), negative_cases=())
        payload = result["results"][0]["payload"]
        verdict = evaluate_case(case, payload)
>       assert {row["id"] for row in verdict["obligations"] if row["met"]} == {
            "flow_mcp", "flow_application", "flow_gateway", "flow_selection",
        }
E       AssertionError: assert set() == {'flow_applic...ow_selection'}
E         
E         Extra items in the right set:
E         'flow_mcp'
E         'flow_selection'
E         'flow_gateway'
E         'flow_application'
E         Use -v to get more diff

tests/docs/test_request_flow_lineage.py:104: AssertionError
________ test_three_short_requested_sources_beat_long_topical_paragraph ________

tmp_path = PosixPath('/tmp/pytest-of-viadmin/pytest-64/test_three_short_requested_sou0')

    def test_three_short_requested_sources_beat_long_topical_paragraph(tmp_path):
        docs = {
            "a.md": "# RelayClient\n\nThe default timeout is 11 seconds.\n",
            "b.md": "# RelayClient\n\nThe exception raised after expiration is `RelayExpired`.\n",
            "c.md": "# RelayClient\n\nThe required retry count is 3.\n",
            "noise.md": "# RelayClient overview\n\n" + (
                "RelayClient timeout exception retries requests behavior configuration overview. " * 12
            ) + "\n",
        }
        capture = capture_fixture(
            tmp_path, docs,
            "What is RelayClient default timeout, which exception is raised, "
            "and which retry count is required?",
        )
        text = visible(capture)
>       assert "11 seconds" in text
E       AssertionError: assert '11 seconds' in '# RelayClient overview\n\nRelayClient timeout exception retries requests behavior configuration overview. RelayClient...t timeout exception retries requests behavior configuration overview.\n# RelayClient\n\nThe required retry count is 3.'

tests/docs/test_requested_evidence_retention.py:66: AssertionError
______ test_real_worker_cannot_read_private_labels_even_by_absolute_path _______

tmp_path = PosixPath('/tmp/pytest-of-viadmin/pytest-64/test_real_worker_cannot_read_p0')

    def test_real_worker_cannot_read_private_labels_even_by_absolute_path(tmp_path):
        app, public, output = layout(tmp_path)
        gold = tmp_path / 'private-labels.json'
        gold.write_text('THE_HIDDEN_ANSWER')
        code = f'''from pathlib import Path
    try:
        Path({str(gold)!r}).read_text()
    except (FileNotFoundError, PermissionError):
        pass
    else:
        raise AssertionError("worker can read gold")
    '''
>       result = run_isolated(code, app=app, public=public, output=output)
                 ^^^^^^^^^^^^^^^^^^^^^^^^^^^^^^^^^^^^^^^^^^^^^^^^^^^^^^^^^

tests/docs/test_retrieval_ablation_isolation.py:32: 
_ _ _ _ _ _ _ _ _ _ _ _ _ _ _ _ _ _ _ _ _ _ _ _ _ _ _ _ _ _ _ _ _ _ _ _ _ _ _ _ 

code = 'from pathlib import Path\ntry:\n    Path(\'/tmp/pytest-of-viadmin/pytest-64/test_real_worker_cannot_read_p0/private-l...t()\nexcept (FileNotFoundError, PermissionError):\n    pass\nelse:\n    raise AssertionError("worker can read gold")\n'

    def run_isolated(code: str, *, app: Path, public: Path, output: Path,
                     timeout: int = 120) -> subprocess.CompletedProcess:
        """Run trusted Python code; close inherited FDs, scrub env, drop all caps."""
        if sys.platform != 'linux':
            raise IsolationUnavailable('Linux namespace worker required')
        if not isinstance(code, str) or type(timeout) is not int or timeout < 1:
            raise ValueError('invalid worker code/timeout')
        tools = {name: shutil.which(name) for name in ('unshare', 'mount', 'chroot', 'setpriv')}
        if not all(tools.values()):
            raise IsolationUnavailable('unshare, mount, chroot and setpriv are required')
        app, public, output = map(_literal_path, (app, public, output))
        for left, right in ((app, public), (app, output), (public, output)):
            if left.is_relative_to(right) or right.is_relative_to(left):
                raise ValueError('sandbox mounts must be disjoint')
        # Only runtime roots are exposed. Never bind host /, /home, /tmp or /proc.
        runtimes = sorted({Path('/usr'), Path(sys.prefix), Path(sys.base_prefix)}, key=lambda p: len(p.parts))
        for path in runtimes:
            if path in (Path('/'), Path('/home'), Path('/tmp'), Path('/mnt')):
                raise IsolationUnavailable('runtime prefix is too broad')
            if any(p.is_relative_to(path) or path.is_relative_to(p) for p in (app, public, output)):
                raise ValueError('runtime and data mounts must be disjoint')
        runtimes = [p for i, p in enumerate(runtimes) if not any(p.is_relative_to(q) for q in runtimes[:i])]
        q = shlex.quote
        with tempfile.TemporaryDirectory(prefix='docatlas-isolation-') as temporary:
            root = Path(temporary) / 'root'
            root.mkdir()
            commands = [f'{q(tools["mount"])} --make-rprivate /',
                        f'{q(tools["mount"])} -t tmpfs -o nosuid tmpfs {q(str(root))}']
    
            def bind(source, target, readonly=True):
                dest = str(root) + str(target)
                commands.append('mkdir -p ' + q(dest))
                commands.append(f'{q(tools["mount"])} --bind {q(str(source))} {q(dest)}')
                opts = 'remount,bind,nosuid' + (',ro' if readonly else '')
                commands.append(f'{q(tools["mount"])} -o {opts} {q(dest)}')
    
            for prefix in runtimes:
                bind(prefix, prefix)
            for name in ('bin', 'sbin', 'lib', 'lib64'):
                host = Path('/') / name
                if host.is_symlink():
                    commands.append(f'ln -s {q(os.readlink(host))} {q(str(root / name))}')
                elif host.exists():
                    bind(host, host)
            bind(app, '/app')
            bind(public, '/public')
            bind(output, '/output', readonly=False)
            commands.append('mkdir -p ' + ' '.join(q(str(root / name)) for name in ('tmp/home', 'dev')))
            for name in ('null', 'urandom'):
                dest = root / 'dev' / name
                commands.extend((f'touch {q(str(dest))}',
                    f'{q(tools["mount"])} --bind /dev/{name} {q(str(dest))}'))
            # No host procfs; no inherited directory descriptors; all capabilities
            # dropped after chroot, so the worker cannot remount or escape the root.
            inside = 'cd /app; printf ' + q(_READY) + '; exec ' + shlex.join([sys.executable, '-c', code])
            commands.append('exec ' + shlex.join([tools['chroot'], str(root), tools['setpriv'],
                '--no-new-privs', '--bounding-set=-all', '--inh-caps=-all', '--ambient-caps=-all',
                '/bin/sh', '-ceu', inside]))
            env = {'PATH': '/usr/bin:/usr/sbin:/bin:/sbin', 'HOME': '/tmp/home', 'TMPDIR': '/tmp',
                   'LANG': 'C.UTF-8', 'PYTHONPATH': '/app', 'PYTHONNOUSERSITE': '1',
                   'PYTHONDONTWRITEBYTECODE': '1', 'PYTHONHASHSEED': '0',
                   'DOCATLAS_OFFLINE': '1', 'DOCATLAS_AUTO_VECTORS': '0',
                   'DOCATLAS_REGISTRY_API_URL': 'http://127.0.0.1:1'}
            cmd = [tools['unshare'], '--user', '--map-root-user', '--mount', '--net',
                   '--pid', '--fork', '--kill-child=KILL', '/bin/sh', '-ceu', '\n'.join(commands)]
            process = subprocess.Popen(cmd, env=env, stdin=subprocess.DEVNULL,
                stdout=subprocess.PIPE, stderr=subprocess.PIPE, text=True,
                close_fds=True, start_new_session=True)
            try:
                stdout, stderr = process.communicate(timeout=timeout)
            except subprocess.TimeoutExpired:
                os.killpg(process.pid, signal.SIGKILL)
                process.communicate()
                raise IsolationUnavailable('isolated worker timeout; process group killed') from None
            if not stdout.startswith(_READY):
>               raise IsolationUnavailable('namespace setup failed: ' + stderr[-2000:])
E               experiments.retrieval_ablation.isolation.IsolationUnavailable: namespace setup failed: unshare: write failed /proc/self/uid_map: Operation not permitted

experiments/retrieval_ablation/isolation.py:110: IsolationUnavailable
_________ test_public_inputs_are_readonly_and_only_output_is_writable __________

tmp_path = PosixPath('/tmp/pytest-of-viadmin/pytest-64/test_public_inputs_are_readonl0')

    def test_public_inputs_are_readonly_and_only_output_is_writable(tmp_path):
        app, public, output = layout(tmp_path)
>       result = run_isolated('''from pathlib import Path
    assert Path('/public/source.md').read_text() == 'Public source bytes.'
    try:
        Path('/public/source.md').write_text('tampered')
    except OSError:
        pass
    else:
        raise AssertionError('input is writable')
    Path('/output/ok').write_text('executed')
    ''', app=app, public=public, output=output)

tests/docs/test_retrieval_ablation_isolation.py:38: 
_ _ _ _ _ _ _ _ _ _ _ _ _ _ _ _ _ _ _ _ _ _ _ _ _ _ _ _ _ _ _ _ _ _ _ _ _ _ _ _ 

code = "from pathlib import Path\nassert Path('/public/source.md').read_text() == 'Public source bytes.'\ntry:\n    Path('/pu... OSError:\n    pass\nelse:\n    raise AssertionError('input is writable')\nPath('/output/ok').write_text('executed')\n"

    def run_isolated(code: str, *, app: Path, public: Path, output: Path,
                     timeout: int = 120) -> subprocess.CompletedProcess:
        """Run trusted Python code; close inherited FDs, scrub env, drop all caps."""
        if sys.platform != 'linux':
            raise IsolationUnavailable('Linux namespace worker required')
        if not isinstance(code, str) or type(timeout) is not int or timeout < 1:
            raise ValueError('invalid worker code/timeout')
        tools = {name: shutil.which(name) for name in ('unshare', 'mount', 'chroot', 'setpriv')}
        if not all(tools.values()):
            raise IsolationUnavailable('unshare, mount, chroot and setpriv are required')
        app, public, output = map(_literal_path, (app, public, output))
        for left, right in ((app, public), (app, output), (public, output)):
            if left.is_relative_to(right) or right.is_relative_to(left):
                raise ValueError('sandbox mounts must be disjoint')
        # Only runtime roots are exposed. Never bind host /, /home, /tmp or /proc.
        runtimes = sorted({Path('/usr'), Path(sys.prefix), Path(sys.base_prefix)}, key=lambda p: len(p.parts))
        for path in runtimes:
            if path in (Path('/'), Path('/home'), Path('/tmp'), Path('/mnt')):
                raise IsolationUnavailable('runtime prefix is too broad')
            if any(p.is_relative_to(path) or path.is_relative_to(p) for p in (app, public, output)):
                raise ValueError('runtime and data mounts must be disjoint')
        runtimes = [p for i, p in enumerate(runtimes) if not any(p.is_relative_to(q) for q in runtimes[:i])]
        q = shlex.quote
        with tempfile.TemporaryDirectory(prefix='docatlas-isolation-') as temporary:
            root = Path(temporary) / 'root'
            root.mkdir()
            commands = [f'{q(tools["mount"])} --make-rprivate /',
                        f'{q(tools["mount"])} -t tmpfs -o nosuid tmpfs {q(str(root))}']
    
            def bind(source, target, readonly=True):
                dest = str(root) + str(target)
                commands.append('mkdir -p ' + q(dest))
                commands.append(f'{q(tools["mount"])} --bind {q(str(source))} {q(dest)}')
                opts = 'remount,bind,nosuid' + (',ro' if readonly else '')
                commands.append(f'{q(tools["mount"])} -o {opts} {q(dest)}')
    
            for prefix in runtimes:
                bind(prefix, prefix)
            for name in ('bin', 'sbin', 'lib', 'lib64'):
                host = Path('/') / name
                if host.is_symlink():
                    commands.append(f'ln -s {q(os.readlink(host))} {q(str(root / name))}')
                elif host.exists():
                    bind(host, host)
            bind(app, '/app')
            bind(public, '/public')
            bind(output, '/output', readonly=False)
            commands.append('mkdir -p ' + ' '.join(q(str(root / name)) for name in ('tmp/home', 'dev')))
            for name in ('null', 'urandom'):
                dest = root / 'dev' / name
                commands.extend((f'touch {q(str(dest))}',
                    f'{q(tools["mount"])} --bind /dev/{name} {q(str(dest))}'))
            # No host procfs; no inherited directory descriptors; all capabilities
            # dropped after chroot, so the worker cannot remount or escape the root.
            inside = 'cd /app; printf ' + q(_READY) + '; exec ' + shlex.join([sys.executable, '-c', code])
            commands.append('exec ' + shlex.join([tools['chroot'], str(root), tools['setpriv'],
                '--no-new-privs', '--bounding-set=-all', '--inh-caps=-all', '--ambient-caps=-all',
                '/bin/sh', '-ceu', inside]))
            env = {'PATH': '/usr/bin:/usr/sbin:/bin:/sbin', 'HOME': '/tmp/home', 'TMPDIR': '/tmp',
                   'LANG': 'C.UTF-8', 'PYTHONPATH': '/app', 'PYTHONNOUSERSITE': '1',
                   'PYTHONDONTWRITEBYTECODE': '1', 'PYTHONHASHSEED': '0',
                   'DOCATLAS_OFFLINE': '1', 'DOCATLAS_AUTO_VECTORS': '0',
                   'DOCATLAS_REGISTRY_API_URL': 'http://127.0.0.1:1'}
            cmd = [tools['unshare'], '--user', '--map-root-user', '--mount', '--net',
                   '--pid', '--fork', '--kill-child=KILL', '/bin/sh', '-ceu', '\n'.join(commands)]
            process = subprocess.Popen(cmd, env=env, stdin=subprocess.DEVNULL,
                stdout=subprocess.PIPE, stderr=subprocess.PIPE, text=True,
                close_fds=True, start_new_session=True)
            try:
                stdout, stderr = process.communicate(timeout=timeout)
            except subprocess.TimeoutExpired:
                os.killpg(process.pid, signal.SIGKILL)
                process.communicate()
                raise IsolationUnavailable('isolated worker timeout; process group killed') from None
            if not stdout.startswith(_READY):
>               raise IsolationUnavailable('namespace setup failed: ' + stderr[-2000:])
E               experiments.retrieval_ablation.isolation.IsolationUnavailable: namespace setup failed: unshare: write failed /proc/self/uid_map: Operation not permitted

experiments/retrieval_ablation/isolation.py:110: IsolationUnavailable
____________ test_worker_has_no_host_loopback_network_or_host_proc _____________

tmp_path = PosixPath('/tmp/pytest-of-viadmin/pytest-64/test_worker_has_no_host_loopba0')

    def test_worker_has_no_host_loopback_network_or_host_proc(tmp_path):
        app, public, output = layout(tmp_path)
        with socket.socket() as listener:
            listener.bind(('127.0.0.1', 0))
            listener.listen()
            port = listener.getsockname()[1]
>           result = run_isolated(f'''import socket, pathlib
    assert not pathlib.Path('/proc/1/root').exists()
    s = socket.socket()
    s.settimeout(0.2)
    try:
        s.connect(('127.0.0.1', {port}))
    except OSError:
        pass
    else:
        raise AssertionError('host loopback is reachable')
    ''', app=app, public=public, output=output)

tests/docs/test_retrieval_ablation_isolation.py:59: 
_ _ _ _ _ _ _ _ _ _ _ _ _ _ _ _ _ _ _ _ _ _ _ _ _ _ _ _ _ _ _ _ _ _ _ _ _ _ _ _ 

code = "import socket, pathlib\nassert not pathlib.Path('/proc/1/root').exists()\ns = socket.socket()\ns.settimeout(0.2)\ntry...nect(('127.0.0.1', 53735))\nexcept OSError:\n    pass\nelse:\n    raise AssertionError('host loopback is reachable')\n"

    def run_isolated(code: str, *, app: Path, public: Path, output: Path,
                     timeout: int = 120) -> subprocess.CompletedProcess:
        """Run trusted Python code; close inherited FDs, scrub env, drop all caps."""
        if sys.platform != 'linux':
            raise IsolationUnavailable('Linux namespace worker required')
        if not isinstance(code, str) or type(timeout) is not int or timeout < 1:
            raise ValueError('invalid worker code/timeout')
        tools = {name: shutil.which(name) for name in ('unshare', 'mount', 'chroot', 'setpriv')}
        if not all(tools.values()):
            raise IsolationUnavailable('unshare, mount, chroot and setpriv are required')
        app, public, output = map(_literal_path, (app, public, output))
        for left, right in ((app, public), (app, output), (public, output)):
            if left.is_relative_to(right) or right.is_relative_to(left):
                raise ValueError('sandbox mounts must be disjoint')
        # Only runtime roots are exposed. Never bind host /, /home, /tmp or /proc.
        runtimes = sorted({Path('/usr'), Path(sys.prefix), Path(sys.base_prefix)}, key=lambda p: len(p.parts))
        for path in runtimes:
            if path in (Path('/'), Path('/home'), Path('/tmp'), Path('/mnt')):
                raise IsolationUnavailable('runtime prefix is too broad')
            if any(p.is_relative_to(path) or path.is_relative_to(p) for p in (app, public, output)):
                raise ValueError('runtime and data mounts must be disjoint')
        runtimes = [p for i, p in enumerate(runtimes) if not any(p.is_relative_to(q) for q in runtimes[:i])]
        q = shlex.quote
        with tempfile.TemporaryDirectory(prefix='docatlas-isolation-') as temporary:
            root = Path(temporary) / 'root'
            root.mkdir()
            commands = [f'{q(tools["mount"])} --make-rprivate /',
                        f'{q(tools["mount"])} -t tmpfs -o nosuid tmpfs {q(str(root))}']
    
            def bind(source, target, readonly=True):
                dest = str(root) + str(target)
                commands.append('mkdir -p ' + q(dest))
                commands.append(f'{q(tools["mount"])} --bind {q(str(source))} {q(dest)}')
                opts = 'remount,bind,nosuid' + (',ro' if readonly else '')
                commands.append(f'{q(tools["mount"])} -o {opts} {q(dest)}')
    
            for prefix in runtimes:
                bind(prefix, prefix)
            for name in ('bin', 'sbin', 'lib', 'lib64'):
                host = Path('/') / name
                if host.is_symlink():
                    commands.append(f'ln -s {q(os.readlink(host))} {q(str(root / name))}')
                elif host.exists():
                    bind(host, host)
            bind(app, '/app')
            bind(public, '/public')
            bind(output, '/output', readonly=False)
            commands.append('mkdir -p ' + ' '.join(q(str(root / name)) for name in ('tmp/home', 'dev')))
            for name in ('null', 'urandom'):
                dest = root / 'dev' / name
                commands.extend((f'touch {q(str(dest))}',
                    f'{q(tools["mount"])} --bind /dev/{name} {q(str(dest))}'))
            # No host procfs; no inherited directory descriptors; all capabilities
            # dropped after chroot, so the worker cannot remount or escape the root.
            inside = 'cd /app; printf ' + q(_READY) + '; exec ' + shlex.join([sys.executable, '-c', code])
            commands.append('exec ' + shlex.join([tools['chroot'], str(root), tools['setpriv'],
                '--no-new-privs', '--bounding-set=-all', '--inh-caps=-all', '--ambient-caps=-all',
                '/bin/sh', '-ceu', inside]))
            env = {'PATH': '/usr/bin:/usr/sbin:/bin:/sbin', 'HOME': '/tmp/home', 'TMPDIR': '/tmp',
                   'LANG': 'C.UTF-8', 'PYTHONPATH': '/app', 'PYTHONNOUSERSITE': '1',
                   'PYTHONDONTWRITEBYTECODE': '1', 'PYTHONHASHSEED': '0',
                   'DOCATLAS_OFFLINE': '1', 'DOCATLAS_AUTO_VECTORS': '0',
                   'DOCATLAS_REGISTRY_API_URL': 'http://127.0.0.1:1'}
            cmd = [tools['unshare'], '--user', '--map-root-user', '--mount', '--net',
                   '--pid', '--fork', '--kill-child=KILL', '/bin/sh', '-ceu', '\n'.join(commands)]
            process = subprocess.Popen(cmd, env=env, stdin=subprocess.DEVNULL,
                stdout=subprocess.PIPE, stderr=subprocess.PIPE, text=True,
                close_fds=True, start_new_session=True)
            try:
                stdout, stderr = process.communicate(timeout=timeout)
            except subprocess.TimeoutExpired:
                os.killpg(process.pid, signal.SIGKILL)
                process.communicate()
                raise IsolationUnavailable('isolated worker timeout; process group killed') from None
            if not stdout.startswith(_READY):
>               raise IsolationUnavailable('namespace setup failed: ' + stderr[-2000:])
E               experiments.retrieval_ablation.isolation.IsolationUnavailable: namespace setup failed: unshare: write failed /proc/self/uid_map: Operation not permitted

experiments/retrieval_ablation/isolation.py:110: IsolationUnavailable
_______________ test_worker_cannot_remount_readonly_public_tree ________________

tmp_path = PosixPath('/tmp/pytest-of-viadmin/pytest-64/test_worker_cannot_remount_rea0')

    def test_worker_cannot_remount_readonly_public_tree(tmp_path):
        app, public, output = layout(tmp_path)
>       result = run_isolated('''import subprocess
    p = subprocess.run(['/usr/bin/mount', '-o', 'remount,rw', '/public'], capture_output=True)
    assert p.returncode != 0
    ''', app=app, public=public, output=output)

tests/docs/test_retrieval_ablation_isolation.py:75: 
_ _ _ _ _ _ _ _ _ _ _ _ _ _ _ _ _ _ _ _ _ _ _ _ _ _ _ _ _ _ _ _ _ _ _ _ _ _ _ _ 

code = "import subprocess\np = subprocess.run(['/usr/bin/mount', '-o', 'remount,rw', '/public'], capture_output=True)\nassert p.returncode != 0\n"

    def run_isolated(code: str, *, app: Path, public: Path, output: Path,
                     timeout: int = 120) -> subprocess.CompletedProcess:
        """Run trusted Python code; close inherited FDs, scrub env, drop all caps."""
        if sys.platform != 'linux':
            raise IsolationUnavailable('Linux namespace worker required')
        if not isinstance(code, str) or type(timeout) is not int or timeout < 1:
            raise ValueError('invalid worker code/timeout')
        tools = {name: shutil.which(name) for name in ('unshare', 'mount', 'chroot', 'setpriv')}
        if not all(tools.values()):
            raise IsolationUnavailable('unshare, mount, chroot and setpriv are required')
        app, public, output = map(_literal_path, (app, public, output))
        for left, right in ((app, public), (app, output), (public, output)):
            if left.is_relative_to(right) or right.is_relative_to(left):
                raise ValueError('sandbox mounts must be disjoint')
        # Only runtime roots are exposed. Never bind host /, /home, /tmp or /proc.
        runtimes = sorted({Path('/usr'), Path(sys.prefix), Path(sys.base_prefix)}, key=lambda p: len(p.parts))
        for path in runtimes:
            if path in (Path('/'), Path('/home'), Path('/tmp'), Path('/mnt')):
                raise IsolationUnavailable('runtime prefix is too broad')
            if any(p.is_relative_to(path) or path.is_relative_to(p) for p in (app, public, output)):
                raise ValueError('runtime and data mounts must be disjoint')
        runtimes = [p for i, p in enumerate(runtimes) if not any(p.is_relative_to(q) for q in runtimes[:i])]
        q = shlex.quote
        with tempfile.TemporaryDirectory(prefix='docatlas-isolation-') as temporary:
            root = Path(temporary) / 'root'
            root.mkdir()
            commands = [f'{q(tools["mount"])} --make-rprivate /',
                        f'{q(tools["mount"])} -t tmpfs -o nosuid tmpfs {q(str(root))}']
    
            def bind(source, target, readonly=True):
                dest = str(root) + str(target)
                commands.append('mkdir -p ' + q(dest))
                commands.append(f'{q(tools["mount"])} --bind {q(str(source))} {q(dest)}')
                opts = 'remount,bind,nosuid' + (',ro' if readonly else '')
                commands.append(f'{q(tools["mount"])} -o {opts} {q(dest)}')
    
            for prefix in runtimes:
                bind(prefix, prefix)
            for name in ('bin', 'sbin', 'lib', 'lib64'):
                host = Path('/') / name
                if host.is_symlink():
                    commands.append(f'ln -s {q(os.readlink(host))} {q(str(root / name))}')
                elif host.exists():
                    bind(host, host)
            bind(app, '/app')
            bind(public, '/public')
            bind(output, '/output', readonly=False)
            commands.append('mkdir -p ' + ' '.join(q(str(root / name)) for name in ('tmp/home', 'dev')))
            for name in ('null', 'urandom'):
                dest = root / 'dev' / name
                commands.extend((f'touch {q(str(dest))}',
                    f'{q(tools["mount"])} --bind /dev/{name} {q(str(dest))}'))
            # No host procfs; no inherited directory descriptors; all capabilities
            # dropped after chroot, so the worker cannot remount or escape the root.
            inside = 'cd /app; printf ' + q(_READY) + '; exec ' + shlex.join([sys.executable, '-c', code])
            commands.append('exec ' + shlex.join([tools['chroot'], str(root), tools['setpriv'],
                '--no-new-privs', '--bounding-set=-all', '--inh-caps=-all', '--ambient-caps=-all',
                '/bin/sh', '-ceu', inside]))
            env = {'PATH': '/usr/bin:/usr/sbin:/bin:/sbin', 'HOME': '/tmp/home', 'TMPDIR': '/tmp',
                   'LANG': 'C.UTF-8', 'PYTHONPATH': '/app', 'PYTHONNOUSERSITE': '1',
                   'PYTHONDONTWRITEBYTECODE': '1', 'PYTHONHASHSEED': '0',
                   'DOCATLAS_OFFLINE': '1', 'DOCATLAS_AUTO_VECTORS': '0',
                   'DOCATLAS_REGISTRY_API_URL': 'http://127.0.0.1:1'}
            cmd = [tools['unshare'], '--user', '--map-root-user', '--mount', '--net',
                   '--pid', '--fork', '--kill-child=KILL', '/bin/sh', '-ceu', '\n'.join(commands)]
            process = subprocess.Popen(cmd, env=env, stdin=subprocess.DEVNULL,
                stdout=subprocess.PIPE, stderr=subprocess.PIPE, text=True,
                close_fds=True, start_new_session=True)
            try:
                stdout, stderr = process.communicate(timeout=timeout)
            except subprocess.TimeoutExpired:
                os.killpg(process.pid, signal.SIGKILL)
                process.communicate()
                raise IsolationUnavailable('isolated worker timeout; process group killed') from None
            if not stdout.startswith(_READY):
>               raise IsolationUnavailable('namespace setup failed: ' + stderr[-2000:])
E               experiments.retrieval_ablation.isolation.IsolationUnavailable: namespace setup failed: unshare: write failed /proc/self/uid_map: Operation not permitted

experiments/retrieval_ablation/isolation.py:110: IsolationUnavailable
___________________ test_host_credentials_are_not_inherited ____________________

tmp_path = PosixPath('/tmp/pytest-of-viadmin/pytest-64/test_host_credentials_are_not_0')
monkeypatch = <_pytest.monkeypatch.MonkeyPatch object at 0x7f2a8573eeb0>

    def test_host_credentials_are_not_inherited(tmp_path, monkeypatch):
        app, public, output = layout(tmp_path)
        monkeypatch.setenv('TEST_PRIVATE_TOKEN', 'must-not-reach-worker')
>       result = run_isolated("import os; assert 'TEST_PRIVATE_TOKEN' not in os.environ",
                              app=app, public=public, output=output)

tests/docs/test_retrieval_ablation_isolation.py:85: 
_ _ _ _ _ _ _ _ _ _ _ _ _ _ _ _ _ _ _ _ _ _ _ _ _ _ _ _ _ _ _ _ _ _ _ _ _ _ _ _ 

code = "import os; assert 'TEST_PRIVATE_TOKEN' not in os.environ"

    def run_isolated(code: str, *, app: Path, public: Path, output: Path,
                     timeout: int = 120) -> subprocess.CompletedProcess:
        """Run trusted Python code; close inherited FDs, scrub env, drop all caps."""
        if sys.platform != 'linux':
            raise IsolationUnavailable('Linux namespace worker required')
        if not isinstance(code, str) or type(timeout) is not int or timeout < 1:
            raise ValueError('invalid worker code/timeout')
        tools = {name: shutil.which(name) for name in ('unshare', 'mount', 'chroot', 'setpriv')}
        if not all(tools.values()):
            raise IsolationUnavailable('unshare, mount, chroot and setpriv are required')
        app, public, output = map(_literal_path, (app, public, output))
        for left, right in ((app, public), (app, output), (public, output)):
            if left.is_relative_to(right) or right.is_relative_to(left):
                raise ValueError('sandbox mounts must be disjoint')
        # Only runtime roots are exposed. Never bind host /, /home, /tmp or /proc.
        runtimes = sorted({Path('/usr'), Path(sys.prefix), Path(sys.base_prefix)}, key=lambda p: len(p.parts))
        for path in runtimes:
            if path in (Path('/'), Path('/home'), Path('/tmp'), Path('/mnt')):
                raise IsolationUnavailable('runtime prefix is too broad')
            if any(p.is_relative_to(path) or path.is_relative_to(p) for p in (app, public, output)):
                raise ValueError('runtime and data mounts must be disjoint')
        runtimes = [p for i, p in enumerate(runtimes) if not any(p.is_relative_to(q) for q in runtimes[:i])]
        q = shlex.quote
        with tempfile.TemporaryDirectory(prefix='docatlas-isolation-') as temporary:
            root = Path(temporary) / 'root'
            root.mkdir()
            commands = [f'{q(tools["mount"])} --make-rprivate /',
                        f'{q(tools["mount"])} -t tmpfs -o nosuid tmpfs {q(str(root))}']
    
            def bind(source, target, readonly=True):
                dest = str(root) + str(target)
                commands.append('mkdir -p ' + q(dest))
                commands.append(f'{q(tools["mount"])} --bind {q(str(source))} {q(dest)}')
                opts = 'remount,bind,nosuid' + (',ro' if readonly else '')
                commands.append(f'{q(tools["mount"])} -o {opts} {q(dest)}')
    
            for prefix in runtimes:
                bind(prefix, prefix)
            for name in ('bin', 'sbin', 'lib', 'lib64'):
                host = Path('/') / name
                if host.is_symlink():
                    commands.append(f'ln -s {q(os.readlink(host))} {q(str(root / name))}')
                elif host.exists():
                    bind(host, host)
            bind(app, '/app')
            bind(public, '/public')
            bind(output, '/output', readonly=False)
            commands.append('mkdir -p ' + ' '.join(q(str(root / name)) for name in ('tmp/home', 'dev')))
            for name in ('null', 'urandom'):
                dest = root / 'dev' / name
                commands.extend((f'touch {q(str(dest))}',
                    f'{q(tools["mount"])} --bind /dev/{name} {q(str(dest))}'))
            # No host procfs; no inherited directory descriptors; all capabilities
            # dropped after chroot, so the worker cannot remount or escape the root.
            inside = 'cd /app; printf ' + q(_READY) + '; exec ' + shlex.join([sys.executable, '-c', code])
            commands.append('exec ' + shlex.join([tools['chroot'], str(root), tools['setpriv'],
                '--no-new-privs', '--bounding-set=-all', '--inh-caps=-all', '--ambient-caps=-all',
                '/bin/sh', '-ceu', inside]))
            env = {'PATH': '/usr/bin:/usr/sbin:/bin:/sbin', 'HOME': '/tmp/home', 'TMPDIR': '/tmp',
                   'LANG': 'C.UTF-8', 'PYTHONPATH': '/app', 'PYTHONNOUSERSITE': '1',
                   'PYTHONDONTWRITEBYTECODE': '1', 'PYTHONHASHSEED': '0',
                   'DOCATLAS_OFFLINE': '1', 'DOCATLAS_AUTO_VECTORS': '0',
                   'DOCATLAS_REGISTRY_API_URL': 'http://127.0.0.1:1'}
            cmd = [tools['unshare'], '--user', '--map-root-user', '--mount', '--net',
                   '--pid', '--fork', '--kill-child=KILL', '/bin/sh', '-ceu', '\n'.join(commands)]
            process = subprocess.Popen(cmd, env=env, stdin=subprocess.DEVNULL,
                stdout=subprocess.PIPE, stderr=subprocess.PIPE, text=True,
                close_fds=True, start_new_session=True)
            try:
                stdout, stderr = process.communicate(timeout=timeout)
            except subprocess.TimeoutExpired:
                os.killpg(process.pid, signal.SIGKILL)
                process.communicate()
                raise IsolationUnavailable('isolated worker timeout; process group killed') from None
            if not stdout.startswith(_READY):
>               raise IsolationUnavailable('namespace setup failed: ' + stderr[-2000:])
E               experiments.retrieval_ablation.isolation.IsolationUnavailable: namespace setup failed: unshare: write failed /proc/self/uid_map: Operation not permitted

experiments/retrieval_ablation/isolation.py:110: IsolationUnavailable
_________ test_real_sqlite_and_packet_modules_execute_inside_namespace _________

tmp_path = PosixPath('/tmp/pytest-of-viadmin/pytest-64/test_real_sqlite_and_packet_mo0')

    def test_real_sqlite_and_packet_modules_execute_inside_namespace(tmp_path):
        from experiments.retrieval_ablation.run import stage_worker
        app, public, output = [tmp_path / name for name in ('app', 'public', 'output')]
        stage_worker(app)
        public.mkdir()
        output.mkdir()
        code = '''import json, hashlib
    from pathlib import Path
    from docmancer.core.models import Document
    from docmancer.core.sqlite_store import SQLiteStore
    from experiments.retrieval_ablation.adapters import native_diagnostic
    text = '# Retry\\n\\nThe retry budget is three attempts.\\n'
    filters = {'project_identity':'test','project_path':'/tmp/project','source_class':'project_doc','doc_scope':'project'}
    metadata = {**filters, 'source_path':'retry.md','project_doc_path':'retry.md',
                'project_doc_content_hash':hashlib.sha256(text.encode()).hexdigest(),
                'authority':'source_of_truth','format':'markdown'}
    store = SQLiteStore(Path('/tmp/index.db'))
    store.add_documents([Document(source='retry.md',content=text,metadata=metadata)],recreate=True)
    r = native_diagnostic(store,['What is the retry budget?'],filters=filters,sources={'retry.md':text})
    assert r['model_visible_packet'].get('sources'), r
    assert r['packet_audit_errors'] == []
    Path('/output/result.json').write_text(json.dumps(r))
    '''
>       result = run_isolated(code, app=app, public=public, output=output)
                 ^^^^^^^^^^^^^^^^^^^^^^^^^^^^^^^^^^^^^^^^^^^^^^^^^^^^^^^^^

tests/docs/test_retrieval_ablation_isolation.py:129: 
_ _ _ _ _ _ _ _ _ _ _ _ _ _ _ _ _ _ _ _ _ _ _ _ _ _ _ _ _ _ _ _ _ _ _ _ _ _ _ _ 

code = "import json, hashlib\nfrom pathlib import Path\nfrom docmancer.core.models import Document\nfrom docmancer.core.sqlit...et'].get('sources'), r\nassert r['packet_audit_errors'] == []\nPath('/output/result.json').write_text(json.dumps(r))\n"

    def run_isolated(code: str, *, app: Path, public: Path, output: Path,
                     timeout: int = 120) -> subprocess.CompletedProcess:
        """Run trusted Python code; close inherited FDs, scrub env, drop all caps."""
        if sys.platform != 'linux':
            raise IsolationUnavailable('Linux namespace worker required')
        if not isinstance(code, str) or type(timeout) is not int or timeout < 1:
            raise ValueError('invalid worker code/timeout')
        tools = {name: shutil.which(name) for name in ('unshare', 'mount', 'chroot', 'setpriv')}
        if not all(tools.values()):
            raise IsolationUnavailable('unshare, mount, chroot and setpriv are required')
        app, public, output = map(_literal_path, (app, public, output))
        for left, right in ((app, public), (app, output), (public, output)):
            if left.is_relative_to(right) or right.is_relative_to(left):
                raise ValueError('sandbox mounts must be disjoint')
        # Only runtime roots are exposed. Never bind host /, /home, /tmp or /proc.
        runtimes = sorted({Path('/usr'), Path(sys.prefix), Path(sys.base_prefix)}, key=lambda p: len(p.parts))
        for path in runtimes:
            if path in (Path('/'), Path('/home'), Path('/tmp'), Path('/mnt')):
                raise IsolationUnavailable('runtime prefix is too broad')
            if any(p.is_relative_to(path) or path.is_relative_to(p) for p in (app, public, output)):
                raise ValueError('runtime and data mounts must be disjoint')
        runtimes = [p for i, p in enumerate(runtimes) if not any(p.is_relative_to(q) for q in runtimes[:i])]
        q = shlex.quote
        with tempfile.TemporaryDirectory(prefix='docatlas-isolation-') as temporary:
            root = Path(temporary) / 'root'
            root.mkdir()
            commands = [f'{q(tools["mount"])} --make-rprivate /',
                        f'{q(tools["mount"])} -t tmpfs -o nosuid tmpfs {q(str(root))}']
    
            def bind(source, target, readonly=True):
                dest = str(root) + str(target)
                commands.append('mkdir -p ' + q(dest))
                commands.append(f'{q(tools["mount"])} --bind {q(str(source))} {q(dest)}')
                opts = 'remount,bind,nosuid' + (',ro' if readonly else '')
                commands.append(f'{q(tools["mount"])} -o {opts} {q(dest)}')
    
            for prefix in runtimes:
                bind(prefix, prefix)
            for name in ('bin', 'sbin', 'lib', 'lib64'):
                host = Path('/') / name
                if host.is_symlink():
                    commands.append(f'ln -s {q(os.readlink(host))} {q(str(root / name))}')
                elif host.exists():
                    bind(host, host)
            bind(app, '/app')
            bind(public, '/public')
            bind(output, '/output', readonly=False)
            commands.append('mkdir -p ' + ' '.join(q(str(root / name)) for name in ('tmp/home', 'dev')))
            for name in ('null', 'urandom'):
                dest = root / 'dev' / name
                commands.extend((f'touch {q(str(dest))}',
                    f'{q(tools["mount"])} --bind /dev/{name} {q(str(dest))}'))
            # No host procfs; no inherited directory descriptors; all capabilities
            # dropped after chroot, so the worker cannot remount or escape the root.
            inside = 'cd /app; printf ' + q(_READY) + '; exec ' + shlex.join([sys.executable, '-c', code])
            commands.append('exec ' + shlex.join([tools['chroot'], str(root), tools['setpriv'],
                '--no-new-privs', '--bounding-set=-all', '--inh-caps=-all', '--ambient-caps=-all',
                '/bin/sh', '-ceu', inside]))
            env = {'PATH': '/usr/bin:/usr/sbin:/bin:/sbin', 'HOME': '/tmp/home', 'TMPDIR': '/tmp',
                   'LANG': 'C.UTF-8', 'PYTHONPATH': '/app', 'PYTHONNOUSERSITE': '1',
                   'PYTHONDONTWRITEBYTECODE': '1', 'PYTHONHASHSEED': '0',
                   'DOCATLAS_OFFLINE': '1', 'DOCATLAS_AUTO_VECTORS': '0',
                   'DOCATLAS_REGISTRY_API_URL': 'http://127.0.0.1:1'}
            cmd = [tools['unshare'], '--user', '--map-root-user', '--mount', '--net',
                   '--pid', '--fork', '--kill-child=KILL', '/bin/sh', '-ceu', '\n'.join(commands)]
            process = subprocess.Popen(cmd, env=env, stdin=subprocess.DEVNULL,
                stdout=subprocess.PIPE, stderr=subprocess.PIPE, text=True,
                close_fds=True, start_new_session=True)
            try:
                stdout, stderr = process.communicate(timeout=timeout)
            except subprocess.TimeoutExpired:
                os.killpg(process.pid, signal.SIGKILL)
                process.communicate()
                raise IsolationUnavailable('isolated worker timeout; process group killed') from None
            if not stdout.startswith(_READY):
>               raise IsolationUnavailable('namespace setup failed: ' + stderr[-2000:])
E               experiments.retrieval_ablation.isolation.IsolationUnavailable: namespace setup failed: unshare: write failed /proc/self/uid_map: Operation not permitted

experiments/retrieval_ablation/isolation.py:110: IsolationUnavailable
________ test_actual_fixture_handler_executes_without_any_gold_files[P] ________

tmp_path = PosixPath('/tmp/pytest-of-viadmin/pytest-64/test_actual_fixture_handler_ex0')
arm = 'P'

    @pytest.mark.parametrize('arm', ['P', 'A'])
    def test_actual_fixture_handler_executes_without_any_gold_files(tmp_path, arm):
        from experiments.retrieval_ablation.run import stage_worker
        app, public, output = [tmp_path / name for name in ('app', 'public', 'output')]
        stage_worker(app)
        public.mkdir()
        output.mkdir()
        (public / 'retry.md').write_text('# Retry\n\nThe retry budget is three attempts. Do not retry cancellation.\n')
        code = f'''import hashlib, json
    from pathlib import Path
    from experiments.retrieval_ablation.run import _execute_arm
    p=Path('/public')
    assert not Path('/app/eval/project_context_quality/cases.json').exists()
    r=_execute_arm(p, {{'schema_version':1, 'sources':[{{'path':'retry.md', 'sha256':hashlib.sha256((p/'retry.md').read_bytes()).hexdigest()}}]}},
        {{'question':'What is the retry budget?'}}, {{'max_sections_per_source':2,'raw_hits':40,'unique_candidates':20}}, {arm!r})
    assert r['execution_status'] == 'EXECUTED', r
    assert r.get('packet_audit_errors', r.get('audit_errors')) == [], r
    if {arm!r} == 'A':
        assert r['packet_status'] == 'VALIDATED_PROJECT_PACKET'
        assert r['model_visible_packet'].get('sources'), r
    Path('/output/result.json').write_text(json.dumps(r, default=lambda x: sorted(x)))
    '''
>       completed = run_isolated(code, app=app, public=public, output=output)
                    ^^^^^^^^^^^^^^^^^^^^^^^^^^^^^^^^^^^^^^^^^^^^^^^^^^^^^^^^^

tests/docs/test_retrieval_ablation_isolation.py:156: 
_ _ _ _ _ _ _ _ _ _ _ _ _ _ _ _ _ _ _ _ _ _ _ _ _ _ _ _ _ _ _ _ _ _ _ _ _ _ _ _ 

code = "import hashlib, json\nfrom pathlib import Path\nfrom experiments.retrieval_ablation.run import _execute_arm\np=Path('...sible_packet'].get('sources'), r\nPath('/output/result.json').write_text(json.dumps(r, default=lambda x: sorted(x)))\n"

    def run_isolated(code: str, *, app: Path, public: Path, output: Path,
                     timeout: int = 120) -> subprocess.CompletedProcess:
        """Run trusted Python code; close inherited FDs, scrub env, drop all caps."""
        if sys.platform != 'linux':
            raise IsolationUnavailable('Linux namespace worker required')
        if not isinstance(code, str) or type(timeout) is not int or timeout < 1:
            raise ValueError('invalid worker code/timeout')
        tools = {name: shutil.which(name) for name in ('unshare', 'mount', 'chroot', 'setpriv')}
        if not all(tools.values()):
            raise IsolationUnavailable('unshare, mount, chroot and setpriv are required')
        app, public, output = map(_literal_path, (app, public, output))
        for left, right in ((app, public), (app, output), (public, output)):
            if left.is_relative_to(right) or right.is_relative_to(left):
                raise ValueError('sandbox mounts must be disjoint')
        # Only runtime roots are exposed. Never bind host /, /home, /tmp or /proc.
        runtimes = sorted({Path('/usr'), Path(sys.prefix), Path(sys.base_prefix)}, key=lambda p: len(p.parts))
        for path in runtimes:
            if path in (Path('/'), Path('/home'), Path('/tmp'), Path('/mnt')):
                raise IsolationUnavailable('runtime prefix is too broad')
            if any(p.is_relative_to(path) or path.is_relative_to(p) for p in (app, public, output)):
                raise ValueError('runtime and data mounts must be disjoint')
        runtimes = [p for i, p in enumerate(runtimes) if not any(p.is_relative_to(q) for q in runtimes[:i])]
        q = shlex.quote
        with tempfile.TemporaryDirectory(prefix='docatlas-isolation-') as temporary:
            root = Path(temporary) / 'root'
            root.mkdir()
            commands = [f'{q(tools["mount"])} --make-rprivate /',
                        f'{q(tools["mount"])} -t tmpfs -o nosuid tmpfs {q(str(root))}']
    
            def bind(source, target, readonly=True):
                dest = str(root) + str(target)
                commands.append('mkdir -p ' + q(dest))
                commands.append(f'{q(tools["mount"])} --bind {q(str(source))} {q(dest)}')
                opts = 'remount,bind,nosuid' + (',ro' if readonly else '')
                commands.append(f'{q(tools["mount"])} -o {opts} {q(dest)}')
    
            for prefix in runtimes:
                bind(prefix, prefix)
            for name in ('bin', 'sbin', 'lib', 'lib64'):
                host = Path('/') / name
                if host.is_symlink():
                    commands.append(f'ln -s {q(os.readlink(host))} {q(str(root / name))}')
                elif host.exists():
                    bind(host, host)
            bind(app, '/app')
            bind(public, '/public')
            bind(output, '/output', readonly=False)
            commands.append('mkdir -p ' + ' '.join(q(str(root / name)) for name in ('tmp/home', 'dev')))
            for name in ('null', 'urandom'):
                dest = root / 'dev' / name
                commands.extend((f'touch {q(str(dest))}',
                    f'{q(tools["mount"])} --bind /dev/{name} {q(str(dest))}'))
            # No host procfs; no inherited directory descriptors; all capabilities
            # dropped after chroot, so the worker cannot remount or escape the root.
            inside = 'cd /app; printf ' + q(_READY) + '; exec ' + shlex.join([sys.executable, '-c', code])
            commands.append('exec ' + shlex.join([tools['chroot'], str(root), tools['setpriv'],
                '--no-new-privs', '--bounding-set=-all', '--inh-caps=-all', '--ambient-caps=-all',
                '/bin/sh', '-ceu', inside]))
            env = {'PATH': '/usr/bin:/usr/sbin:/bin:/sbin', 'HOME': '/tmp/home', 'TMPDIR': '/tmp',
                   'LANG': 'C.UTF-8', 'PYTHONPATH': '/app', 'PYTHONNOUSERSITE': '1',
                   'PYTHONDONTWRITEBYTECODE': '1', 'PYTHONHASHSEED': '0',
                   'DOCATLAS_OFFLINE': '1', 'DOCATLAS_AUTO_VECTORS': '0',
                   'DOCATLAS_REGISTRY_API_URL': 'http://127.0.0.1:1'}
            cmd = [tools['unshare'], '--user', '--map-root-user', '--mount', '--net',
                   '--pid', '--fork', '--kill-child=KILL', '/bin/sh', '-ceu', '\n'.join(commands)]
            process = subprocess.Popen(cmd, env=env, stdin=subprocess.DEVNULL,
                stdout=subprocess.PIPE, stderr=subprocess.PIPE, text=True,
                close_fds=True, start_new_session=True)
            try:
                stdout, stderr = process.communicate(timeout=timeout)
            except subprocess.TimeoutExpired:
                os.killpg(process.pid, signal.SIGKILL)
                process.communicate()
                raise IsolationUnavailable('isolated worker timeout; process group killed') from None
            if not stdout.startswith(_READY):
>               raise IsolationUnavailable('namespace setup failed: ' + stderr[-2000:])
E               experiments.retrieval_ablation.isolation.IsolationUnavailable: namespace setup failed: unshare: write failed /proc/self/uid_map: Operation not permitted

experiments/retrieval_ablation/isolation.py:110: IsolationUnavailable
________ test_actual_fixture_handler_executes_without_any_gold_files[A] ________

tmp_path = PosixPath('/tmp/pytest-of-viadmin/pytest-64/test_actual_fixture_handler_ex1')
arm = 'A'

    @pytest.mark.parametrize('arm', ['P', 'A'])
    def test_actual_fixture_handler_executes_without_any_gold_files(tmp_path, arm):
        from experiments.retrieval_ablation.run import stage_worker
        app, public, output = [tmp_path / name for name in ('app', 'public', 'output')]
        stage_worker(app)
        public.mkdir()
        output.mkdir()
        (public / 'retry.md').write_text('# Retry\n\nThe retry budget is three attempts. Do not retry cancellation.\n')
        code = f'''import hashlib, json
    from pathlib import Path
    from experiments.retrieval_ablation.run import _execute_arm
    p=Path('/public')
    assert not Path('/app/eval/project_context_quality/cases.json').exists()
    r=_execute_arm(p, {{'schema_version':1, 'sources':[{{'path':'retry.md', 'sha256':hashlib.sha256((p/'retry.md').read_bytes()).hexdigest()}}]}},
        {{'question':'What is the retry budget?'}}, {{'max_sections_per_source':2,'raw_hits':40,'unique_candidates':20}}, {arm!r})
    assert r['execution_status'] == 'EXECUTED', r
    assert r.get('packet_audit_errors', r.get('audit_errors')) == [], r
    if {arm!r} == 'A':
        assert r['packet_status'] == 'VALIDATED_PROJECT_PACKET'
        assert r['model_visible_packet'].get('sources'), r
    Path('/output/result.json').write_text(json.dumps(r, default=lambda x: sorted(x)))
    '''
>       completed = run_isolated(code, app=app, public=public, output=output)
                    ^^^^^^^^^^^^^^^^^^^^^^^^^^^^^^^^^^^^^^^^^^^^^^^^^^^^^^^^^

tests/docs/test_retrieval_ablation_isolation.py:156: 
_ _ _ _ _ _ _ _ _ _ _ _ _ _ _ _ _ _ _ _ _ _ _ _ _ _ _ _ _ _ _ _ _ _ _ _ _ _ _ _ 

code = "import hashlib, json\nfrom pathlib import Path\nfrom experiments.retrieval_ablation.run import _execute_arm\np=Path('...sible_packet'].get('sources'), r\nPath('/output/result.json').write_text(json.dumps(r, default=lambda x: sorted(x)))\n"

    def run_isolated(code: str, *, app: Path, public: Path, output: Path,
                     timeout: int = 120) -> subprocess.CompletedProcess:
        """Run trusted Python code; close inherited FDs, scrub env, drop all caps."""
        if sys.platform != 'linux':
            raise IsolationUnavailable('Linux namespace worker required')
        if not isinstance(code, str) or type(timeout) is not int or timeout < 1:
            raise ValueError('invalid worker code/timeout')
        tools = {name: shutil.which(name) for name in ('unshare', 'mount', 'chroot', 'setpriv')}
        if not all(tools.values()):
            raise IsolationUnavailable('unshare, mount, chroot and setpriv are required')
        app, public, output = map(_literal_path, (app, public, output))
        for left, right in ((app, public), (app, output), (public, output)):
            if left.is_relative_to(right) or right.is_relative_to(left):
                raise ValueError('sandbox mounts must be disjoint')
        # Only runtime roots are exposed. Never bind host /, /home, /tmp or /proc.
        runtimes = sorted({Path('/usr'), Path(sys.prefix), Path(sys.base_prefix)}, key=lambda p: len(p.parts))
        for path in runtimes:
            if path in (Path('/'), Path('/home'), Path('/tmp'), Path('/mnt')):
                raise IsolationUnavailable('runtime prefix is too broad')
            if any(p.is_relative_to(path) or path.is_relative_to(p) for p in (app, public, output)):
                raise ValueError('runtime and data mounts must be disjoint')
        runtimes = [p for i, p in enumerate(runtimes) if not any(p.is_relative_to(q) for q in runtimes[:i])]
        q = shlex.quote
        with tempfile.TemporaryDirectory(prefix='docatlas-isolation-') as temporary:
            root = Path(temporary) / 'root'
            root.mkdir()
            commands = [f'{q(tools["mount"])} --make-rprivate /',
                        f'{q(tools["mount"])} -t tmpfs -o nosuid tmpfs {q(str(root))}']
    
            def bind(source, target, readonly=True):
                dest = str(root) + str(target)
                commands.append('mkdir -p ' + q(dest))
                commands.append(f'{q(tools["mount"])} --bind {q(str(source))} {q(dest)}')
                opts = 'remount,bind,nosuid' + (',ro' if readonly else '')
                commands.append(f'{q(tools["mount"])} -o {opts} {q(dest)}')
    
            for prefix in runtimes:
                bind(prefix, prefix)
            for name in ('bin', 'sbin', 'lib', 'lib64'):
                host = Path('/') / name
                if host.is_symlink():
                    commands.append(f'ln -s {q(os.readlink(host))} {q(str(root / name))}')
                elif host.exists():
                    bind(host, host)
            bind(app, '/app')
            bind(public, '/public')
            bind(output, '/output', readonly=False)
            commands.append('mkdir -p ' + ' '.join(q(str(root / name)) for name in ('tmp/home', 'dev')))
            for name in ('null', 'urandom'):
                dest = root / 'dev' / name
                commands.extend((f'touch {q(str(dest))}',
                    f'{q(tools["mount"])} --bind /dev/{name} {q(str(dest))}'))
            # No host procfs; no inherited directory descriptors; all capabilities
            # dropped after chroot, so the worker cannot remount or escape the root.
            inside = 'cd /app; printf ' + q(_READY) + '; exec ' + shlex.join([sys.executable, '-c', code])
            commands.append('exec ' + shlex.join([tools['chroot'], str(root), tools['setpriv'],
                '--no-new-privs', '--bounding-set=-all', '--inh-caps=-all', '--ambient-caps=-all',
                '/bin/sh', '-ceu', inside]))
            env = {'PATH': '/usr/bin:/usr/sbin:/bin:/sbin', 'HOME': '/tmp/home', 'TMPDIR': '/tmp',
                   'LANG': 'C.UTF-8', 'PYTHONPATH': '/app', 'PYTHONNOUSERSITE': '1',
                   'PYTHONDONTWRITEBYTECODE': '1', 'PYTHONHASHSEED': '0',
                   'DOCATLAS_OFFLINE': '1', 'DOCATLAS_AUTO_VECTORS': '0',
                   'DOCATLAS_REGISTRY_API_URL': 'http://127.0.0.1:1'}
            cmd = [tools['unshare'], '--user', '--map-root-user', '--mount', '--net',
                   '--pid', '--fork', '--kill-child=KILL', '/bin/sh', '-ceu', '\n'.join(commands)]
            process = subprocess.Popen(cmd, env=env, stdin=subprocess.DEVNULL,
                stdout=subprocess.PIPE, stderr=subprocess.PIPE, text=True,
                close_fds=True, start_new_session=True)
            try:
                stdout, stderr = process.communicate(timeout=timeout)
            except subprocess.TimeoutExpired:
                os.killpg(process.pid, signal.SIGKILL)
                process.communicate()
                raise IsolationUnavailable('isolated worker timeout; process group killed') from None
            if not stdout.startswith(_READY):
>               raise IsolationUnavailable('namespace setup failed: ' + stderr[-2000:])
E               experiments.retrieval_ablation.isolation.IsolationUnavailable: namespace setup failed: unshare: write failed /proc/self/uid_map: Operation not permitted

experiments/retrieval_ablation/isolation.py:110: IsolationUnavailable
_ test_public_projection_prioritizes_public_queries_not_audited_alias_count[False-256-1] _

aliases = 1, budget = 256, reverse = False

    @pytest.mark.parametrize("aliases", [1, 2])
    @pytest.mark.parametrize("budget", [256, 800])
    @pytest.mark.parametrize("reverse", [False, True])
    def test_public_projection_prioritizes_public_queries_not_audited_alias_count(aliases, budget, reverse):
        retrieval = _host_lookup_context_retrieval()
        single, diverse = retrieval["context_pack"][:2]
        queries = [{"query_id": "query-original", "origin": "original", "text": "Explain the processing directions."}]
        queries.extend({"query_id": f"query-lookup-{index}", "origin": "host_lookup", "text": text}
                       for index, text in enumerate(("amber", "indigo", "cobalt"), 1))
        queries.extend({
            "query_id": f"query-host-rewrite-{index}", "origin": "canonical_intent", "text": text,
            "relation": "audited_rewrite", "public_parent_query_id": "query-lookup-1",
        } for index, text in enumerate(("copper", "silver")[:aliases], 1))
        single.update(path="docs/single.md", content="Amber copper silver.", retrieval_query_matches={})
        diverse.update(path="docs/diverse.md", content="Indigo cobalt.", retrieval_query_matches={})
        for query in queries[1:]:
            source = single if query.get("public_parent_query_id") or query["text"] == "amber" else diverse
            source["retrieval_query_matches"][query["query_id"]] = {
                "query_text": query["text"], "qualified": True,
                "relation": query.get("relation", "host_lookup"),
                "public_parent_query_id": query.get("public_parent_query_id"),
            }
        retrieval["context_pack"] = [diverse, single] if reverse else [single, diverse]
        retrieval["documentation_query_plan"] = {"queries": queries, "required_query_ids": []}
        payload, snapshot = project_docs_context(retrieval=retrieval, max_tokens=budget)
>       assert payload["sources"][0]["path_or_url"] == "docs/diverse.md"
               ^^^^^^^^^^^^^^^^^^
E       KeyError: 'sources'

tests/docs/test_review_boundary_semantics.py:123: KeyError
_ test_public_projection_prioritizes_public_queries_not_audited_alias_count[False-256-2] _

aliases = 2, budget = 256, reverse = False

    @pytest.mark.parametrize("aliases", [1, 2])
    @pytest.mark.parametrize("budget", [256, 800])
    @pytest.mark.parametrize("reverse", [False, True])
    def test_public_projection_prioritizes_public_queries_not_audited_alias_count(aliases, budget, reverse):
        retrieval = _host_lookup_context_retrieval()
        single, diverse = retrieval["context_pack"][:2]
        queries = [{"query_id": "query-original", "origin": "original", "text": "Explain the processing directions."}]
        queries.extend({"query_id": f"query-lookup-{index}", "origin": "host_lookup", "text": text}
                       for index, text in enumerate(("amber", "indigo", "cobalt"), 1))
        queries.extend({
            "query_id": f"query-host-rewrite-{index}", "origin": "canonical_intent", "text": text,
            "relation": "audited_rewrite", "public_parent_query_id": "query-lookup-1",
        } for index, text in enumerate(("copper", "silver")[:aliases], 1))
        single.update(path="docs/single.md", content="Amber copper silver.", retrieval_query_matches={})
        diverse.update(path="docs/diverse.md", content="Indigo cobalt.", retrieval_query_matches={})
        for query in queries[1:]:
            source = single if query.get("public_parent_query_id") or query["text"] == "amber" else diverse
            source["retrieval_query_matches"][query["query_id"]] = {
                "query_text": query["text"], "qualified": True,
                "relation": query.get("relation", "host_lookup"),
                "public_parent_query_id": query.get("public_parent_query_id"),
            }
        retrieval["context_pack"] = [diverse, single] if reverse else [single, diverse]
        retrieval["documentation_query_plan"] = {"queries": queries, "required_query_ids": []}
        payload, snapshot = project_docs_context(retrieval=retrieval, max_tokens=budget)
>       assert payload["sources"][0]["path_or_url"] == "docs/diverse.md"
               ^^^^^^^^^^^^^^^^^^
E       KeyError: 'sources'

tests/docs/test_review_boundary_semantics.py:123: KeyError
_ test_public_projection_prioritizes_public_queries_not_audited_alias_count[True-256-1] _

aliases = 1, budget = 256, reverse = True

    @pytest.mark.parametrize("aliases", [1, 2])
    @pytest.mark.parametrize("budget", [256, 800])
    @pytest.mark.parametrize("reverse", [False, True])
    def test_public_projection_prioritizes_public_queries_not_audited_alias_count(aliases, budget, reverse):
        retrieval = _host_lookup_context_retrieval()
        single, diverse = retrieval["context_pack"][:2]
        queries = [{"query_id": "query-original", "origin": "original", "text": "Explain the processing directions."}]
        queries.extend({"query_id": f"query-lookup-{index}", "origin": "host_lookup", "text": text}
                       for index, text in enumerate(("amber", "indigo", "cobalt"), 1))
        queries.extend({
            "query_id": f"query-host-rewrite-{index}", "origin": "canonical_intent", "text": text,
            "relation": "audited_rewrite", "public_parent_query_id": "query-lookup-1",
        } for index, text in enumerate(("copper", "silver")[:aliases], 1))
        single.update(path="docs/single.md", content="Amber copper silver.", retrieval_query_matches={})
        diverse.update(path="docs/diverse.md", content="Indigo cobalt.", retrieval_query_matches={})
        for query in queries[1:]:
            source = single if query.get("public_parent_query_id") or query["text"] == "amber" else diverse
            source["retrieval_query_matches"][query["query_id"]] = {
                "query_text": query["text"], "qualified": True,
                "relation": query.get("relation", "host_lookup"),
                "public_parent_query_id": query.get("public_parent_query_id"),
            }
        retrieval["context_pack"] = [diverse, single] if reverse else [single, diverse]
        retrieval["documentation_query_plan"] = {"queries": queries, "required_query_ids": []}
        payload, snapshot = project_docs_context(retrieval=retrieval, max_tokens=budget)
>       assert payload["sources"][0]["path_or_url"] == "docs/diverse.md"
               ^^^^^^^^^^^^^^^^^^
E       KeyError: 'sources'

tests/docs/test_review_boundary_semantics.py:123: KeyError
_ test_public_projection_prioritizes_public_queries_not_audited_alias_count[True-256-2] _

aliases = 2, budget = 256, reverse = True

    @pytest.mark.parametrize("aliases", [1, 2])
    @pytest.mark.parametrize("budget", [256, 800])
    @pytest.mark.parametrize("reverse", [False, True])
    def test_public_projection_prioritizes_public_queries_not_audited_alias_count(aliases, budget, reverse):
        retrieval = _host_lookup_context_retrieval()
        single, diverse = retrieval["context_pack"][:2]
        queries = [{"query_id": "query-original", "origin": "original", "text": "Explain the processing directions."}]
        queries.extend({"query_id": f"query-lookup-{index}", "origin": "host_lookup", "text": text}
                       for index, text in enumerate(("amber", "indigo", "cobalt"), 1))
        queries.extend({
            "query_id": f"query-host-rewrite-{index}", "origin": "canonical_intent", "text": text,
            "relation": "audited_rewrite", "public_parent_query_id": "query-lookup-1",
        } for index, text in enumerate(("copper", "silver")[:aliases], 1))
        single.update(path="docs/single.md", content="Amber copper silver.", retrieval_query_matches={})
        diverse.update(path="docs/diverse.md", content="Indigo cobalt.", retrieval_query_matches={})
        for query in queries[1:]:
            source = single if query.get("public_parent_query_id") or query["text"] == "amber" else diverse
            source["retrieval_query_matches"][query["query_id"]] = {
                "query_text": query["text"], "qualified": True,
                "relation": query.get("relation", "host_lookup"),
                "public_parent_query_id": query.get("public_parent_query_id"),
            }
        retrieval["context_pack"] = [diverse, single] if reverse else [single, diverse]
        retrieval["documentation_query_plan"] = {"queries": queries, "required_query_ids": []}
        payload, snapshot = project_docs_context(retrieval=retrieval, max_tokens=budget)
>       assert payload["sources"][0]["path_or_url"] == "docs/diverse.md"
               ^^^^^^^^^^^^^^^^^^
E       KeyError: 'sources'

tests/docs/test_review_boundary_semantics.py:123: KeyError
____________ test_v2_review_ready_keeps_reading_and_test_witnesses _____________

    def test_v2_review_ready_keeps_reading_and_test_witnesses():
>       _assert_semantic_positive("v2-paraphrase-review-ready", "exposed_paraphrases")

tests/docs/test_v2_acceptance_gaps.py:40: 
_ _ _ _ _ _ _ _ _ _ _ _ _ _ _ _ _ _ _ _ _ _ _ _ _ _ _ _ _ _ _ _ _ _ _ _ _ _ _ _ 

case_id = 'v2-paraphrase-review-ready', lane = 'exposed_paraphrases'

    def _assert_semantic_positive(case_id: str, lane: str) -> None:
        _, payload, verdict = _run_case(case_id, lane)
        assert all(verdict["hard_gates"].values()), verdict
        assert verdict["false_full_coverage"] is False
>       assert all(row["met"] for row in verdict["obligations"]), {
            "obligations": verdict["obligations"], "sources": payload.get("sources"),
            "covered_query_ids": payload.get("covered_query_ids"),
            "missing_query_ids": payload.get("missing_query_ids"),
        }
E       AssertionError: {'covered_query_ids': None, 'missing_query_ids': None, 'obligations': [{'id': 'reading', 'lookup_query_ids': ['query-l...: []}, {'id': 'test', 'lookup_query_ids': ['query-lookup-2'], 'met': False, 'visible_witnesses': []}], 'sources': None}
E       assert False
E        +  where False = all(<generator object _assert_semantic_positive.<locals>.<genexpr> at 0x7f2a847a3100>)

tests/docs/test_v2_acceptance_gaps.py:25: AssertionError
_______ test_v2_search_trust_keeps_selection_proof_and_context_witnesses _______

    def test_v2_search_trust_keeps_selection_proof_and_context_witnesses():
>       _assert_semantic_positive("v2-paraphrase-search-trust", "exposed_paraphrases")

tests/docs/test_v2_acceptance_gaps.py:44: 
_ _ _ _ _ _ _ _ _ _ _ _ _ _ _ _ _ _ _ _ _ _ _ _ _ _ _ _ _ _ _ _ _ _ _ _ _ _ _ _ 

case_id = 'v2-paraphrase-search-trust', lane = 'exposed_paraphrases'

    def _assert_semantic_positive(case_id: str, lane: str) -> None:
        _, payload, verdict = _run_case(case_id, lane)
        assert all(verdict["hard_gates"].values()), verdict
        assert verdict["false_full_coverage"] is False
>       assert all(row["met"] for row in verdict["obligations"]), {
            "obligations": verdict["obligations"], "sources": payload.get("sources"),
            "covered_query_ids": payload.get("covered_query_ids"),
            "missing_query_ids": payload.get("missing_query_ids"),
        }
E       AssertionError: {'covered_query_ids': ['query-lookup-1', 'query-lookup-2', 'query-lookup-3'], 'missing_query_ids': ['query-original'],...fd3a4f829bf219de0bc01c1ad6003aa1f52c65b9f56ec7c8bf66242f', 'evidence_id': 'ev-ee2f289d2068badc', 'line_end': 31, ...}]}
E       assert False
E        +  where False = all(<generator object _assert_semantic_positive.<locals>.<genexpr> at 0x7f2a85b5cc70>)

tests/docs/test_v2_acceptance_gaps.py:25: AssertionError
__ test_single_intent_context_aliases_derive_only_original_retrieval_lineage ___

    def test_single_intent_context_aliases_derive_only_original_retrieval_lineage():
        for question in (
            "Что это за проект и какую проблему он решает?",
            "Как система выбирает доказательства?",
            "Как большой документ превращается в родительские секции и небольшие поисковые фрагменты, есть ли у них ограничение размера?",
        ):
            plan = build_documentation_query_plan(question)
            aliases = [row for row in plan.queries if row.origin == "canonical_intent"]
>           assert aliases
E           assert []

tests/docs/test_v2_acceptance_gaps.py:55: AssertionError
_ test_equivalent_host_lookup_may_derive_original_retrieval_lineage[\u0427\u0442\u043e \u043f\u0440\u043e\u0432\u0435\u0440\u0438\u0442\u044c, \u0435\u0441\u043b\u0438 \u043f\u0440\u043e\u0435\u043a\u0442\u043d\u0430\u044f \u0434\u043e\u043a\u0443\u043c\u0435\u043d\u0442\u0430\u0446\u0438\u044f \u0443\u0441\u0442\u0430\u0440\u0435\u043b\u0430 \u0438\u043b\u0438 \u043d\u0438\u0447\u0435\u0433\u043e \u043d\u0435 \u043d\u0430\u0445\u043e\u0434\u0438\u0442\u0441\u044f?-troubleshooting stale project documentation no results] _

question = 'Что проверить, если проектная документация устарела или ничего не находится?'
lookup = 'troubleshooting stale project documentation no results'

    @pytest.mark.parametrize("question, lookup", [
        ("Что проверить, если проектная документация устарела или ничего не находится?",
         "troubleshooting stale project documentation no results"),
        ("Где хранится индекс и как он изолирован для каждого проекта?",
         "project documentation storage index isolation"),
    ])
    def test_equivalent_host_lookup_may_derive_original_retrieval_lineage(question, lookup):
        plan = build_documentation_query_plan(question, lookup_queries=(lookup,))
        host = next(q for q in plan.queries if q.query_id == "query-lookup-1")
        assert host.origin == "host_lookup"
>       assert host.relation == "audited_rewrite"
E       AssertionError: assert 'host_lookup' == 'audited_rewrite'
E         
E         - audited_rewrite
E         + host_lookup

tests/docs/test_v2_acceptance_gaps.py:86: AssertionError
_ test_equivalent_host_lookup_may_derive_original_retrieval_lineage[\u0413\u0434\u0435 \u0445\u0440\u0430\u043d\u0438\u0442\u0441\u044f \u0438\u043d\u0434\u0435\u043a\u0441 \u0438 \u043a\u0430\u043a \u043e\u043d \u0438\u0437\u043e\u043b\u0438\u0440\u043e\u0432\u0430\u043d \u0434\u043b\u044f \u043a\u0430\u0436\u0434\u043e\u0433\u043e \u043f\u0440\u043e\u0435\u043a\u0442\u0430?-project documentation storage index isolation] _

question = 'Где хранится индекс и как он изолирован для каждого проекта?'
lookup = 'project documentation storage index isolation'

    @pytest.mark.parametrize("question, lookup", [
        ("Что проверить, если проектная документация устарела или ничего не находится?",
         "troubleshooting stale project documentation no results"),
        ("Где хранится индекс и как он изолирован для каждого проекта?",
         "project documentation storage index isolation"),
    ])
    def test_equivalent_host_lookup_may_derive_original_retrieval_lineage(question, lookup):
        plan = build_documentation_query_plan(question, lookup_queries=(lookup,))
        host = next(q for q in plan.queries if q.query_id == "query-lookup-1")
        assert host.origin == "host_lookup"
>       assert host.relation == "audited_rewrite"
E       AssertionError: assert 'host_lookup' == 'audited_rewrite'
E         
E         - audited_rewrite
E         + host_lookup

tests/docs/test_v2_acceptance_gaps.py:86: AssertionError
=========================== short test summary info ============================
FAILED tests/docs/test_component_completeness.py::test_inventory_needs_visible_subject_and_all_declared_names[names0-Aurora MCP]
FAILED tests/docs/test_component_completeness.py::test_inventory_needs_visible_subject_and_all_declared_names[names0-KestrelService]
FAILED tests/docs/test_component_completeness.py::test_inventory_needs_visible_subject_and_all_declared_names[names0-Delta Bridge]
FAILED tests/docs/test_component_completeness.py::test_inventory_needs_visible_subject_and_all_declared_names[names1-Aurora MCP]
FAILED tests/docs/test_component_completeness.py::test_inventory_needs_visible_subject_and_all_declared_names[names1-KestrelService]
FAILED tests/docs/test_component_completeness.py::test_inventory_needs_visible_subject_and_all_declared_names[names1-Delta Bridge]
FAILED tests/docs/test_component_completeness.py::test_recognized_components_survive_unknown_clauses_in_every_order[en]
FAILED tests/docs/test_component_completeness.py::test_recognized_components_survive_unknown_clauses_in_every_order[ru]
FAILED tests/docs/test_component_completeness.py::test_component_rewrites_are_bounded_clause_local_and_never_original_attribution
FAILED tests/docs/test_component_coverage.py::test_query_plan_component_contract_preserves_surface_fields
FAILED tests/docs/test_component_coverage.py::test_query_plan_components_come_from_real_answer_contract
FAILED tests/docs/test_component_coverage.py::test_visible_component_novelty_follows_exact_constraints_before_public_queries[None]
FAILED tests/docs/test_component_coverage.py::test_visible_component_novelty_follows_exact_constraints_before_public_queries[clip]
FAILED tests/docs/test_component_coverage.py::test_visible_component_novelty_follows_exact_constraints_before_public_queries[projection_clip]
FAILED tests/docs/test_component_coverage.py::test_visible_component_novelty_follows_exact_constraints_before_public_queries[budget]
FAILED tests/docs/test_component_coverage.py::test_visible_component_novelty_follows_exact_constraints_before_public_queries[unknown]
FAILED tests/docs/test_component_coverage.py::test_disconnected_component_windows_cannot_replace_an_accepted_witness
FAILED tests/docs/test_context7_style_project_chat.py::test_broad_intent_suppresses_mandatory_proof_queries_for_retrieval
FAILED tests/docs/test_context7_style_project_chat.py::test_canonical_intent_can_carry_bounded_context_without_answer_proof
FAILED tests/docs/test_context7_style_project_chat.py::test_current_docatlas_index_persists_across_service_restart_without_resync
FAILED tests/docs/test_context_completion_followup.py::test_priority_rule_available_in_first_packet_or_one_registered_read
FAILED tests/docs/test_context_completion_guards.py::test_new_hints_do_not_change_original_constraints_or_optional_cap
FAILED tests/docs/test_context_completion_guards.py::test_empty_packet_only_gains_inspection_not_support_or_source_quotes
FAILED tests/docs/test_context_completion_guards.py::test_trial_reads_no_files_and_registers_no_resources
FAILED tests/docs/test_context_projection_boundaries.py::test_frozen_architecture_infrastructure_boundary_enters_retrieval_candidates
FAILED tests/docs/test_context_projection_boundaries.py::test_frozen_request_flow_prefers_project_context_module_witnesses
FAILED tests/docs/test_contiguous_seed_envelope.py::test_old_inspection_uri_survives_replacement_of_unissued_draft_locators
FAILED tests/docs/test_direct_docatlas_questions_15.py::test_direct_docatlas_questions_15_visible_context_covers_all_required_facts
FAILED tests/docs/test_docs_context_read_next.py::test_final_public_handler_preserves_quality_and_usable_reference
FAILED tests/docs/test_document_local_rescue.py::test_sqlite_dispatcher_rescue_uses_real_chunk_identity_and_filters
FAILED tests/docs/test_document_local_rescue.py::test_read_and_test_rescue_survives_final_public_projection[None]
FAILED tests/docs/test_document_local_rescue.py::test_read_and_test_rescue_survives_final_public_projection[drop]
FAILED tests/docs/test_document_local_rescue.py::test_read_and_test_rescue_survives_final_public_projection[clip]
FAILED tests/docs/test_document_local_rescue.py::test_read_and_test_rescue_survives_final_public_projection[stale]
FAILED tests/docs/test_document_local_rescue.py::test_read_and_test_rescue_survives_final_public_projection[foreign]
FAILED tests/docs/test_document_local_rescue.py::test_read_and_test_rescue_survives_final_public_projection[metadata_only]
FAILED tests/docs/test_document_local_rescue.py::test_read_and_test_rescue_survives_final_public_projection[unsafe]
FAILED tests/docs/test_document_local_rescue.py::test_read_and_test_rescue_survives_final_public_projection[parent_claim]
FAILED tests/docs/test_evidence_admission_sufficiency.py::test_version_scenario_exact_anchors_do_not_hide_safe_generic_policy_context
FAILED tests/docs/test_evidence_admission_sufficiency.py::test_optional_host_lookup_does_not_revoke_safe_hint_context
FAILED tests/docs/test_evidence_admission_sufficiency.py::test_supporting_hint_still_cannot_cross_project_identity_boundary
FAILED tests/docs/test_evidence_admission_sufficiency.py::test_partial_primary_packet_can_add_safe_hint_without_losing_primary_source
FAILED tests/docs/test_evidence_admission_sufficiency.py::test_additive_hint_retry_preserves_primary_snippet_under_tight_budget
FAILED tests/docs/test_evidence_admission_sufficiency.py::test_original_witness_is_protected_even_when_it_also_matches_host_lookup
FAILED tests/docs/test_evidence_admission_sufficiency.py::test_single_host_lookup_cannot_displace_available_canonical_witness_under_budget
FAILED tests/docs/test_evidence_admission_sufficiency.py::test_supporting_hint_cannot_bypass_current_safe_source_policy[overrides0]
FAILED tests/docs/test_evidence_admission_sufficiency.py::test_supporting_hint_cannot_bypass_current_safe_source_policy[overrides1]
FAILED tests/docs/test_evidence_admission_sufficiency.py::test_supporting_hint_cannot_bypass_current_safe_source_policy[overrides2]
FAILED tests/docs/test_evidence_admission_sufficiency.py::test_supporting_hint_cannot_bypass_current_safe_source_policy[overrides3]
FAILED tests/docs/test_evidence_set_compositional_frames.py::test_actual_planner_preserves_composed_needs_without_parent_authority[How does Orbit restrict package candidates and why?-relations0]
FAILED tests/docs/test_evidence_set_compositional_frames.py::test_actual_planner_preserves_composed_needs_without_parent_authority[\u041d\u0430\u0437\u043e\u0432\u0438 \u0447\u0435\u0442\u044b\u0440\u0435 \u0442\u0438\u043f\u0430 timeout \u0432 HTTPX \u0438 \u043e\u0431\u044a\u044f\u0441\u043d\u0438, \u0447\u0442\u043e \u043e\u0433\u0440\u0430\u043d\u0438\u0447\u0438\u0432\u0430\u0435\u0442 \u043a\u0430\u0436\u0434\u044b\u0439.-relations1]
FAILED tests/docs/test_evidence_set_compositional_frames.py::test_actual_planner_preserves_composed_needs_without_parent_authority[\u041c\u043e\u0436\u0435\u0442 \u043b\u0438 task function \u0434\u043b\u044f BackgroundTasks \u0431\u044b\u0442\u044c \u043e\u0431\u044b\u0447\u043d\u043e\u0439 def, \u0430 \u043d\u0435 async def?-relations2]
FAILED tests/docs/test_evidence_set_compositional_frames.py::test_actual_planner_preserves_composed_needs_without_parent_authority[Which page title wins when the navigation configuration and Markdown content define different titles?-relations3]
FAILED tests/docs/test_evidence_set_context_delivery.py::test_safe_precedence_context_reaches_native_final_without_root_proof
FAILED tests/docs/test_evidence_set_context_delivery.py::test_existing_supported_partial_answer_never_enters_new_fallback
FAILED tests/docs/test_evidence_set_delivery_acceptance.py::test_native_required_delivery[mkdocs-05]
FAILED tests/docs/test_evidence_set_delivery_acceptance.py::test_partial_known_facts_retained[pydantic-07]
FAILED tests/docs/test_evidence_set_delivery_acceptance.py::test_partial_known_facts_retained[ruff-07]
FAILED tests/docs/test_evidence_set_delivery_acceptance.py::test_precedence_rule_survives_nonempty_distractor
FAILED tests/docs/test_evidence_set_need_composition.py::test_independent_unknown_tail_preserves_known_evidence[pydantic-01-pydantic-07]
FAILED tests/docs/test_evidence_set_need_composition.py::test_independent_unknown_tail_preserves_known_evidence[ruff-01-ruff-07]
FAILED tests/docs/test_evidence_set_need_composition.py::test_independent_probe_cannot_derive_whole_root_coverage
FAILED tests/docs/test_evidence_set_need_composition.py::test_independent_default_preserves_its_local_condition_veto[When preview is enabled, OrbitClient default timeout is 7 seconds.]
FAILED tests/docs/test_evidence_set_need_composition.py::test_independent_default_preserves_its_local_condition_veto[OrbitClient default timeout is 7 seconds.]
FAILED tests/docs/test_evidence_set_need_composition.py::test_independent_default_preserves_exact_identity_and_valid_condition
FAILED tests/docs/test_evidence_set_need_composition.py::test_need_contract_compilation_and_query_planning_perform_no_io
FAILED tests/docs/test_evidence_set_private_plan.py::test_planning_keeps_unresolved_and_relation_fields_without_public_facet_ids
FAILED tests/docs/test_evidence_set_query_execution.py::test_native_composition_question_searches_the_named_concept
FAILED tests/docs/test_generic_context_workflows.py::test_stale_health_live_status_sync_and_removal
FAILED tests/docs/test_generic_context_workflows.py::test_first_session_live_query
FAILED tests/docs/test_generic_context_workflows.py::test_contributor_live_reading_and_tests
FAILED tests/docs/test_generic_context_workflows.py::test_remaining_live_workflow_witnesses[v2-natural-evidence-selection]
FAILED tests/docs/test_generic_context_workflows.py::test_remaining_live_workflow_witnesses[v2-natural-offline]
FAILED tests/docs/test_generic_context_workflows.py::test_remaining_live_workflow_witnesses[v2-paraphrase-local-trial]
FAILED tests/docs/test_generic_context_workflows.py::test_catalog_live_invalid_behavior
FAILED tests/docs/test_joint_context_acceptance.py::test_original_and_known_paraphrase_deliver_complete_block[fastapi-paraphrase-2]
FAILED tests/docs/test_language_flow_experiment.py::test_real_frozen_flow_all_witnesses_without_changing_expected_labels
FAILED tests/docs/test_mixed_script_recovery.py::test_literal_mixed_script_phrase_is_optional_not_original_proof
FAILED tests/docs/test_mixed_script_recovery.py::test_original_negative_option_question_is_recoverable_without_host_hints
FAILED tests/docs/test_model_visible_projection.py::test_docs_context_is_retrieval_only_snapshot_bound_and_not_edit_ready
FAILED tests/docs/test_need_local_admission.py::test_separate_default_and_exception_survive_long_root[17-LeaseExpired]
FAILED tests/docs/test_need_local_admission.py::test_separate_default_and_exception_survive_long_root[29-WaitExpired]
FAILED tests/docs/test_need_local_admission.py::test_single_typed_need_keeps_internal_probe_even_when_text_equals_root
FAILED tests/docs/test_project_answer_contract_v3.py::test_v3_does_not_reclassify_frozen_v2_config_questions
FAILED tests/docs/test_question_frame_paraphrase_e2e.py::test_reusable_question_frames_survive_real_manifest_sync_and_public_mcp
FAILED tests/docs/test_question_plan_v4.py::test_question_plan_splits_compound_questions_into_mandatory_facets
FAILED tests/docs/test_question_plan_v4.py::test_documentation_query_plan_v2_separates_required_queries_from_aliases
FAILED tests/docs/test_request_flow_lineage.py::test_request_flow_host_lookups_gain_bounded_audited_rewrites
FAILED tests/docs/test_request_flow_lineage.py::test_audited_host_rewrite_count_is_bounded
FAILED tests/docs/test_request_flow_lineage.py::test_request_flow_public_contract_remains_four_fact_fail_safe
FAILED tests/docs/test_requested_evidence_retention.py::test_three_short_requested_sources_beat_long_topical_paragraph
FAILED tests/docs/test_retrieval_ablation_isolation.py::test_real_worker_cannot_read_private_labels_even_by_absolute_path
FAILED tests/docs/test_retrieval_ablation_isolation.py::test_public_inputs_are_readonly_and_only_output_is_writable
FAILED tests/docs/test_retrieval_ablation_isolation.py::test_worker_has_no_host_loopback_network_or_host_proc
FAILED tests/docs/test_retrieval_ablation_isolation.py::test_worker_cannot_remount_readonly_public_tree
FAILED tests/docs/test_retrieval_ablation_isolation.py::test_host_credentials_are_not_inherited
FAILED tests/docs/test_retrieval_ablation_isolation.py::test_real_sqlite_and_packet_modules_execute_inside_namespace
FAILED tests/docs/test_retrieval_ablation_isolation.py::test_actual_fixture_handler_executes_without_any_gold_files[P]
FAILED tests/docs/test_retrieval_ablation_isolation.py::test_actual_fixture_handler_executes_without_any_gold_files[A]
FAILED tests/docs/test_review_boundary_semantics.py::test_public_projection_prioritizes_public_queries_not_audited_alias_count[False-256-1]
FAILED tests/docs/test_review_boundary_semantics.py::test_public_projection_prioritizes_public_queries_not_audited_alias_count[False-256-2]
FAILED tests/docs/test_review_boundary_semantics.py::test_public_projection_prioritizes_public_queries_not_audited_alias_count[True-256-1]
FAILED tests/docs/test_review_boundary_semantics.py::test_public_projection_prioritizes_public_queries_not_audited_alias_count[True-256-2]
FAILED tests/docs/test_v2_acceptance_gaps.py::test_v2_review_ready_keeps_reading_and_test_witnesses
FAILED tests/docs/test_v2_acceptance_gaps.py::test_v2_search_trust_keeps_selection_proof_and_context_witnesses
FAILED tests/docs/test_v2_acceptance_gaps.py::test_single_intent_context_aliases_derive_only_original_retrieval_lineage
FAILED tests/docs/test_v2_acceptance_gaps.py::test_equivalent_host_lookup_may_derive_original_retrieval_lineage[\u0427\u0442\u043e \u043f\u0440\u043e\u0432\u0435\u0440\u0438\u0442\u044c, \u0435\u0441\u043b\u0438 \u043f\u0440\u043e\u0435\u043a\u0442\u043d\u0430\u044f \u0434\u043e\u043a\u0443\u043c\u0435\u043d\u0442\u0430\u0446\u0438\u044f \u0443\u0441\u0442\u0430\u0440\u0435\u043b\u0430 \u0438\u043b\u0438 \u043d\u0438\u0447\u0435\u0433\u043e \u043d\u0435 \u043d\u0430\u0445\u043e\u0434\u0438\u0442\u0441\u044f?-troubleshooting stale project documentation no results]
FAILED tests/docs/test_v2_acceptance_gaps.py::test_equivalent_host_lookup_may_derive_original_retrieval_lineage[\u0413\u0434\u0435 \u0445\u0440\u0430\u043d\u0438\u0442\u0441\u044f \u0438\u043d\u0434\u0435\u043a\u0441 \u0438 \u043a\u0430\u043a \u043e\u043d \u0438\u0437\u043e\u043b\u0438\u0440\u043e\u0432\u0430\u043d \u0434\u043b\u044f \u043a\u0430\u0436\u0434\u043e\u0433\u043e \u043f\u0440\u043e\u0435\u043a\u0442\u0430?-project documentation storage index isolation]
108 failed, 3355 passed in 160.94s (0:02:40)
