........................................................................ [  1%]
........................................................................ [  2%]
........................................................................ [  4%]
........................................................................ [  5%]
........................................................................ [  6%]
........................................................................ [  8%]
........................................................................ [  9%]
...........................F............................................ [ 10%]
........................................................................ [ 12%]
........................................................................ [ 13%]
............F........................................................... [ 14%]
............................F........................................... [ 16%]
........................................................................ [ 17%]
........................................................................ [ 18%]
........................................................................ [ 20%]
........................................................................ [ 21%]
........................................................................ [ 23%]
........................................................................ [ 24%]
........................................................................ [ 25%]
........................................................................ [ 27%]
........................................................................ [ 28%]
..........................................................FF....FFFF.... [ 29%]
...........................................F............................ [ 31%]
........................................................................ [ 32%]
........................................................................ [ 33%]
........................................................................ [ 35%]
........................................................................ [ 36%]
........................................................................ [ 37%]
........................................................................ [ 39%]
........................................................................ [ 40%]
.F...................................................................... [ 42%]
........................................................................ [ 43%]
........................................................................ [ 44%]
........................................................................ [ 46%]
........................................................................ [ 47%]
..........................F............................................. [ 48%]
........................................................................ [ 50%]
........................................................................ [ 51%]
........................................................................ [ 52%]
........................................................................ [ 54%]
........................................................................ [ 55%]
...F.................................................................... [ 56%]
......................................FF..FF............................ [ 58%]
........................................................................ [ 59%]
........................................................................ [ 61%]
........................................................................ [ 62%]
........................................................................ [ 63%]
........................................................................ [ 65%]
........................................................................ [ 66%]
.............................................F.......F.................. [ 67%]
........................................................................ [ 69%]
........................................................................ [ 70%]
........................................................................ [ 71%]
........................................................................ [ 73%]
............................................................F......F.... [ 74%]
........................................................................ [ 75%]
........................................................................ [ 77%]
........................................................................ [ 78%]
........................................................................ [ 80%]
........................................................................ [ 81%]
........................................................................ [ 82%]
........................................................................ [ 84%]
........................................................................ [ 85%]
........................................................................ [ 86%]
.................................................................s...... [ 88%]
........................................................................ [ 89%]
........................F............................................... [ 90%]
..sssssssss............................................................. [ 92%]
........................................................................ [ 93%]
........................................................................ [ 94%]
........................................................................ [ 96%]
........................................................................ [ 97%]
........................................................................ [ 99%]
.....................................................                    [100%]
=================================== FAILURES ===================================
_ test_visible_component_novelty_follows_exact_constraints_before_public_queries[projection_clip] _

loss = 'projection_clip'

    @pytest.mark.parametrize("loss", [None, "clip", "projection_clip", "budget", "unknown"])
    def test_visible_component_novelty_follows_exact_constraints_before_public_queries(loss):
        question = "What should I read in OrionRepo and what should I test?"
        plan = build_documentation_query_plan(
            question, requirements=build_requirements(question, profile="project_docs_answer"),
        ).as_payload()
        # Use a compact public plan to put four competing sources under the real cap.
        plan.update(
            public_query_ids=["query-anchor", "query-original", "query-lookup-1"],
            queries=[
                {"query_id": "query-anchor", "text": "EXACT_KEY", "origin": "exact_anchor"},
                {"query_id": "query-original", "text": "contributor overview", "origin": "original"},
                {"query_id": "query-lookup-1", "text": "general background", "origin": "host_lookup"},
            ],
        )
        reading = "For OrionRepo, first read README.md, then read docs/architecture.md."
        testing = "For OrionRepo, run pytest tests/docs before opening a pull request."
        components = {row["relation"]: row["component_id"] for row in plan["_component_contract"]}
    
        def source(identity, content, matches):
            return {
                "stable_id": identity, "source_class": "project_doc", "path": f"docs/{identity}.md",
                "content": content, "project_identity": "repo", "authority": "source_of_truth",
                "freshness": "current", "index_freshness": "synchronized", "lifecycle_status": "active",
                "line_start": 1, "retrieval_query_matches": matches,
            }
    
        candidates = [
            source("reading", reading + " Contributor overview.", {"query-original": {"query_text": "contributor overview"}}),
            source("duplicate", reading + " General background.", {"query-lookup-1": {"query_text": "general background"}}),
            source("testing", testing, {components["testing"]: {"query_text": "OrionRepo testing"}}),
            source("exact", "EXACT_KEY selects the local contributor configuration.", {"query-anchor": {"query_text": "EXACT_KEY"}}),
        ]
        if loss == "clip":
            candidates[2]["content"] = "For OrionRepo, run"
        elif loss == "projection_clip":
            candidates[2]["content"] = "For OrionRepo, " + "background " * 55 + "run pytest tests/docs before opening a pull request."
        elif loss == "budget":
            candidates[2]["path"] = "docs/" + "oversized" * 500 + ".md"
        elif loss == "unknown":
            plan["_component_contract"] = [row for row in plan["_component_contract"] if row["relation"] != "testing"]
        diagnostics = {}
        projection, snapshot = project_docs_context(retrieval={
            "context_pack": candidates, "documentation_query_plan": plan,
        }, selection_diagnostics=diagnostics)
        paths = [source["path_or_url"] for source in projection["sources"]]
        assert paths[0] == "docs/exact.md"
        assert len(paths) == 3
        assert projection["estimated_tokens"] <= 800
        assert projection["answer_supported"] is False and projection["edit_ready"] is False
        assert "project_answer:" not in str(projection)
        if loss is None:
            assert set(paths) == {"docs/exact.md", "docs/reading.md", "docs/testing.md"}
            assert diagnostics["component_coverage"]["status"] == "full"
            assert "query-lookup-1" in projection["missing_query_ids"]
        else:
>           assert "docs/testing.md" not in paths
E           AssertionError: assert 'docs/testing.md' not in ['docs/exact.md', 'docs/reading.md', 'docs/testing.md']

candidates = [{'stable_id': 'reading', 'source_class': 'project_doc', 'path': 'docs/reading.md', 'content': 'For OrionRepo, first r...ss': 'project_doc', 'path': 'docs/exact.md', 'content': 'EXACT_KEY selects the local contributor configuration.', ...}]
components = {'reading': 'project_answer:0:workflow:1bdf9374513cf9cb', 'testing': 'project_answer:1:workflow:3bcd82be05168bfd'}
diagnostics = {'component_coverage': {'mandatory_component_ids': ['project_answer:0:workflow:1bdf9374513cf9cb', 'project_answer:1:wo...:3bcd82be05168bfd'], 'missing_component_ids': [], 'evidence_ids': ['ev-a76c0fbfa99f7a2d', 'ev-eade0df87ef4d8f1'], ...}}
loss       = 'projection_clip'
paths      = ['docs/exact.md', 'docs/reading.md', 'docs/testing.md']
plan       = {'schema_version': 'documentation-query-plan-v2', 'original_question': 'What should I read in OrionRepo and what shoul...y-anchor-1', 'query-intent-1', 'query-intent-2', 'query-intent-3', 'query-hint-1', ...], 'required_query_ids': [], ...}
projection = {'status': 'ok', 'kind': 'docs_context', 'context_status': 'ready', 'context_available': True, ...}
question   = 'What should I read in OrionRepo and what should I test?'
reading    = 'For OrionRepo, first read README.md, then read docs/architecture.md.'
snapshot   = {'ev-76df2898d0b23de9': {'source': {'stable_id': 'exact', 'source_class': 'project_doc', 'path': 'docs/exact.md', 'con...cs before opening a pull request.', ...}, 'evidence_id': 'ev-eade0df87ef4d8f1', 'path_or_url': 'docs/testing.md', ...}}
source     = <function test_visible_component_novelty_follows_exact_constraints_before_public_queries.<locals>.source at 0x7fecb63742c0>
testing    = 'For OrionRepo, run pytest tests/docs before opening a pull request.'

tests/docs/test_component_coverage.py:278: AssertionError
______ test_frozen_request_flow_prefers_project_context_module_witnesses _______

    def test_frozen_request_flow_prefers_project_context_module_witnesses():
        from eval.project_context_quality_v2_protocol import evaluate_case, load_cases
        from scripts.run_project_docs_self_host_gate import LiveCase, run
    
        case = next(row for row in load_cases() if row["id"] == "v2-natural-request-flow")
        result = run(cases=(LiveCase(
            case_id=case["id"], question=case["question"], relevant_paths=(),
            lookup_queries=tuple(case["lookup_queries"]), scope=case["scope"],
        ),), negative_cases=())
        payload = result["results"][0]["payload"]
        verdict = evaluate_case(case, payload)
        assert "docs/modules/project-context-retrieval.md" in {
            source["path_or_url"] for source in payload["sources"]
        }
>       assert all(row["met"] for row in verdict["obligations"]), verdict["obligations"]
E       AssertionError: [{'id': 'flow_mcp', 'met': False, 'lookup_query_ids': ['query-lookup-1'], 'visible_witnesses': []}, {'id': 'flow_appli...ible_witnesses': [{'path_or_url': 'docs/modules/project-context-retrieval.md', 'evidence_id': 'ev-8ae1789c9c28bae9'}]}]
E       assert False
E        +  where False = all(<generator object test_frozen_request_flow_prefers_project_context_module_witnesses.<locals>.<genexpr> at 0x7fecb6348860>)

LiveCase   = <class 'scripts.run_project_docs_self_host_gate.LiveCase'>
case       = {'id': 'v2-natural-request-flow', 'migrated_from': 'natural-request-flow', 'lane': 'natural', 'question': 'Как проходит запрос get_docs_context от MCP-входа до выбора источников?', ...}
evaluate_case = <function evaluate_case at 0x7fed08669bc0>
load_cases = <function load_cases at 0x7fed086698a0>
payload    = {'status': 'ok', 'kind': 'docs_context', 'context_status': 'ready', 'context_available': True, ...}
result     = {'schema_version': 'project-answer-quality-live-result-v1', 'run_mode': 'live_self_host', 'provider_free': True, 'case_count': 1, ...}
run        = <function run at 0x7fed09254ea0>
verdict    = {'id': 'v2-natural-request-flow', 'lane': 'natural', 'semantic_useful': False, 'negative_correct': False, ...}

tests/docs/test_context_projection_boundaries.py:236: AssertionError
_ test_direct_docatlas_questions_15_visible_context_covers_all_required_facts __

    def test_direct_docatlas_questions_15_visible_context_covers_all_required_facts():
>       _assert_direct_15_sidecar()


tests/docs/test_direct_docatlas_questions_15.py:181: 
_ _ _ _ _ _ _ _ _ _ _ _ _ _ _ _ _ _ _ _ _ _ _ _ _ _ _ _ _ _ _ _ _ _ _ _ _ _ _ _ 

    def _assert_direct_15_sidecar() -> None:
        sidecar = _direct_15_payload()
        assert sidecar["baseline_commit"] == "e179471527e009c88f77acbdaeeeeb8ad1c8d316"
        assert sidecar["request_contract"] == {
            "scope": "all",
            "lookup_queries": "absent",
            "maximum_sources": 3,
            "maximum_estimated_tokens": 800,
        }
        assert [row["id"] for row in sidecar["cases"]] == [
            f"Q{index:02d}" for index in range(1, 16)
        ]
    
        for source_path, metadata in sidecar["sources"].items():
            path = _REPO_ROOT / source_path
            assert path.is_file(), source_path
>           assert _git_blob_sha(path) == metadata["git_blob_sha"], source_path
E           AssertionError: README.md
E           assert '9678dd4d10ca...e0db1c7539772' == '1a1975b2ffaf...cdb20e7a88468'
E             
E             - 1a1975b2ffaf587f3b752c1966acdb20e7a88468
E             + 9678dd4d10ca77856e33393ffa8e0db1c7539772

metadata   = {'git_blob_sha': '1a1975b2ffaf587f3b752c1966acdb20e7a88468'}
path       = PosixPath('/tmp/opencode/docatlas-stage3-stack/README.md')
sidecar    = {'schema_version': 'direct-docatlas-questions-1', 'baseline_commit': 'e179471527e009c88f77acbdaeeeeb8ad1c8d316', 'requ...d3ae9af9'}, 'docs/DOCMANCER_PRODUCT_BRIEF.md': {'git_blob_sha': '3607b058429abe7a8fb1068d467475c67a5c9893'}, ...}, ...}
source_path = 'README.md'

tests/docs/test_direct_docatlas_questions_15.py:45: AssertionError
________________ test_stale_health_live_status_sync_and_removal ________________

monkeypatch = <_pytest.monkeypatch.MonkeyPatch object at 0x7fecb6fb2d80>

    def test_stale_health_live_status_sync_and_removal(monkeypatch):
        from eval.project_context_quality_v2_protocol import load_cases, validate_corpus, evaluate_case, _witness_visible
        from scripts.run_project_docs_self_host_gate import LiveCase, run
    
>       validate_corpus()

LiveCase   = <class 'scripts.run_project_docs_self_host_gate.LiveCase'>
_witness_visible = <function _witness_visible at 0x7fed086696c0>
evaluate_case = <function evaluate_case at 0x7fed08669bc0>
load_cases = <function load_cases at 0x7fed086698a0>
monkeypatch = <_pytest.monkeypatch.MonkeyPatch object at 0x7fecb6fb2d80>
run        = <function run at 0x7fed09254ea0>
validate_corpus = <function validate_corpus at 0x7fed08669940>

tests/docs/test_generic_context_workflows.py:60: 
_ _ _ _ _ _ _ _ _ _ _ _ _ _ _ _ _ _ _ _ _ _ _ _ _ _ _ _ _ _ _ _ _ _ _ _ _ _ _ _ 

    def validate_corpus() -> dict[str, Any]:
        rows = load_cases()
        catalog = _catalog()
        lock = json.loads(LOCK_PATH.read_text(encoding="utf-8"))
        migration = json.loads(MIGRATION_PATH.read_text(encoding="utf-8"))["crosswalk"]
        if {row["v2_id"] for row in migration} != {row["id"] for row in rows}:
            raise ValueError("v2 migration crosswalk is incomplete")
        witness_paths: set[str] = set()
        lane_counts: Counter[str] = Counter()
        type_counts: Counter[str] = Counter()
        for case in rows:
            lane_counts[case["lane"]] += 1
            case_type = case.get("case_type", "positive" if case["expected_kind"] == "docs_context" else "strict_negative")
            type_counts[case_type] += 1
            if case["question"] != case["original_question"]:
                raise ValueError(f"original prompt changed: {case['id']}")
            if case.get("case_type", "positive" if case["expected_kind"] == "docs_context" else "strict_negative") == "positive" and not case["obligations"]:
                raise ValueError(f"positive case has no obligations: {case['id']}")
            if len(case["lookup_queries"]) != len(case["lookup_query_ids"]):
                raise ValueError(f"lookup inventory mismatch: {case['id']}")
            for obligation in case["obligations"]:
                if not obligation.get("accepted_witnesses") or not obligation.get("lookup_query_ids"):
                    raise ValueError(f"incomplete obligation: {case['id']}/{obligation['id']}")
                if obligation["id"] in case["lookup_query_ids"]:
                    raise ValueError(f"semantic obligation reuses a lookup id: {case['id']}/{obligation['id']}")
                for witness in obligation["accepted_witnesses"]:
                    path = witness["path"]
                    metadata = catalog.get(path)
                    if metadata is None:
                        raise ValueError(f"witness is not an active catalog document: {path}")
                    if metadata["authority"] not in obligation["accepted_authorities"] or metadata["scope"] not in obligation["accepted_scopes"]:
                        raise ValueError(f"witness authority/scope mismatch: {path}")
                    if normalize_prose(witness["text"]) not in normalize_prose((ROOT / path).read_text(encoding="utf-8")):
                        raise ValueError(f"witness text is absent from active document: {path}")
                    witness_paths.add(path)
        if dict(lane_counts) != lock["inventory"]["lanes"]:
            raise ValueError("v2 lane inventory mismatch")
        expected_type_counts = {
            "positive": lock["inventory"]["positive_count"],
            "strict_negative": lock["inventory"]["negative_count"],
            "unsupported_answer_control": lock["inventory"]["unsupported_answer_control_count"],
        }
        if dict(type_counts) != expected_type_counts:
            raise ValueError("v2 case-type inventory mismatch")
        if {path: _sha256(ROOT / path) for path in sorted(witness_paths)} != lock["active_document_sha256"]:
>           raise ValueError("active witness document revision mismatch")
E           ValueError: active witness document revision mismatch

case       = {'id': 'v2-paraphrase-negative-martian', 'migrated_from': 'paraphrase-negative-martian', 'lane': 'exposed_paraphrases', 'question': 'Which Martian telepathic retention standard governs this documentation runtime?', ...}
case_type  = 'strict_negative'
catalog    = {'.hermes/plans/2026-08-25-ru-semantic-and-patch-context-completion.md': {'path': '.hermes/plans/2026-08-25-ru-semanti...'CHANGELOG.md', 'role': 'other', 'scope': 'project', 'description': 'Released and pending project changes.', ...}, ...}
expected_type_counts = {'positive': 20, 'strict_negative': 3, 'unsupported_answer_control': 2}
lane_counts = Counter({'natural': 19, 'exposed_paraphrases': 6})
lock       = {'schema_version': 'project-context-quality-v2-lock-4', 'evaluator_version': '2.4.0', 'mode': 'report_only_baseline', 'thresholds': None, ...}
metadata   = {'path': 'README.md', 'role': 'overview', 'scope': 'project', 'description': 'Project overview, capabilities, and entry points.', ...}
migration  = [{'v1_id': 'natural-install-verify', 'v2_id': 'v2-natural-install-verify', 'expectation_change': 'the authoritative on...f, gateway output, and visible selection are all mandatory; query-anchor-1 remains in the public plan inventory'}, ...]
obligation = {'id': 'orphans', 'accepted_authorities': ['source_of_truth'], 'accepted_scopes': ['project'], 'accepted_witnesses': [..., 'text': 'prunes** orphaned indexed sources'}, {'path': 'README.md', 'text': 'prunes orphaned indexed sources'}], ...}
path       = 'README.md'
rows       = ({'id': 'v2-natural-install-verify', 'migrated_from': 'natural-install-verify', 'lane': 'natural', 'question': 'Я впер...', 'lane': 'natural', 'question': 'Как проходит запрос get_docs_context от MCP-входа до выбора источников?', ...}, ...)
type_counts = Counter({'positive': 20, 'strict_negative': 3, 'unsupported_answer_control': 2})
witness    = {'path': 'README.md', 'text': 'prunes orphaned indexed sources'}
witness_paths = {'CONTRIBUTING.md', 'README.md', 'docs/PROJECT_MAP.md', 'docs/index-cleanup.md', 'docs/mcp-docs-server.md', 'docs/modules/evidence-selection.md', ...}

eval/project_context_quality_v2_protocol.py:180: ValueError
________________________ test_first_session_live_query _________________________

monkeypatch = <_pytest.monkeypatch.MonkeyPatch object at 0x7fecb61e4bf0>

    def test_first_session_live_query(monkeypatch):
        from copy import deepcopy
        from eval.project_context_quality_v2_protocol import load_cases, validate_corpus, evaluate_case
        from scripts.run_project_docs_self_host_gate import LiveCase, run
    
>       validate_corpus()

LiveCase   = <class 'scripts.run_project_docs_self_host_gate.LiveCase'>
deepcopy   = <function deepcopy at 0x7fed0d598040>
evaluate_case = <function evaluate_case at 0x7fed08669bc0>
load_cases = <function load_cases at 0x7fed086698a0>
monkeypatch = <_pytest.monkeypatch.MonkeyPatch object at 0x7fecb61e4bf0>
run        = <function run at 0x7fed09254ea0>
validate_corpus = <function validate_corpus at 0x7fed08669940>

tests/docs/test_generic_context_workflows.py:109: 
_ _ _ _ _ _ _ _ _ _ _ _ _ _ _ _ _ _ _ _ _ _ _ _ _ _ _ _ _ _ _ _ _ _ _ _ _ _ _ _ 

    def validate_corpus() -> dict[str, Any]:
        rows = load_cases()
        catalog = _catalog()
        lock = json.loads(LOCK_PATH.read_text(encoding="utf-8"))
        migration = json.loads(MIGRATION_PATH.read_text(encoding="utf-8"))["crosswalk"]
        if {row["v2_id"] for row in migration} != {row["id"] for row in rows}:
            raise ValueError("v2 migration crosswalk is incomplete")
        witness_paths: set[str] = set()
        lane_counts: Counter[str] = Counter()
        type_counts: Counter[str] = Counter()
        for case in rows:
            lane_counts[case["lane"]] += 1
            case_type = case.get("case_type", "positive" if case["expected_kind"] == "docs_context" else "strict_negative")
            type_counts[case_type] += 1
            if case["question"] != case["original_question"]:
                raise ValueError(f"original prompt changed: {case['id']}")
            if case.get("case_type", "positive" if case["expected_kind"] == "docs_context" else "strict_negative") == "positive" and not case["obligations"]:
                raise ValueError(f"positive case has no obligations: {case['id']}")
            if len(case["lookup_queries"]) != len(case["lookup_query_ids"]):
                raise ValueError(f"lookup inventory mismatch: {case['id']}")
            for obligation in case["obligations"]:
                if not obligation.get("accepted_witnesses") or not obligation.get("lookup_query_ids"):
                    raise ValueError(f"incomplete obligation: {case['id']}/{obligation['id']}")
                if obligation["id"] in case["lookup_query_ids"]:
                    raise ValueError(f"semantic obligation reuses a lookup id: {case['id']}/{obligation['id']}")
                for witness in obligation["accepted_witnesses"]:
                    path = witness["path"]
                    metadata = catalog.get(path)
                    if metadata is None:
                        raise ValueError(f"witness is not an active catalog document: {path}")
                    if metadata["authority"] not in obligation["accepted_authorities"] or metadata["scope"] not in obligation["accepted_scopes"]:
                        raise ValueError(f"witness authority/scope mismatch: {path}")
                    if normalize_prose(witness["text"]) not in normalize_prose((ROOT / path).read_text(encoding="utf-8")):
                        raise ValueError(f"witness text is absent from active document: {path}")
                    witness_paths.add(path)
        if dict(lane_counts) != lock["inventory"]["lanes"]:
            raise ValueError("v2 lane inventory mismatch")
        expected_type_counts = {
            "positive": lock["inventory"]["positive_count"],
            "strict_negative": lock["inventory"]["negative_count"],
            "unsupported_answer_control": lock["inventory"]["unsupported_answer_control_count"],
        }
        if dict(type_counts) != expected_type_counts:
            raise ValueError("v2 case-type inventory mismatch")
        if {path: _sha256(ROOT / path) for path in sorted(witness_paths)} != lock["active_document_sha256"]:
>           raise ValueError("active witness document revision mismatch")
E           ValueError: active witness document revision mismatch

case       = {'id': 'v2-paraphrase-negative-martian', 'migrated_from': 'paraphrase-negative-martian', 'lane': 'exposed_paraphrases', 'question': 'Which Martian telepathic retention standard governs this documentation runtime?', ...}
case_type  = 'strict_negative'
catalog    = {'.hermes/plans/2026-08-25-ru-semantic-and-patch-context-completion.md': {'path': '.hermes/plans/2026-08-25-ru-semanti...'CHANGELOG.md', 'role': 'other', 'scope': 'project', 'description': 'Released and pending project changes.', ...}, ...}
expected_type_counts = {'positive': 20, 'strict_negative': 3, 'unsupported_answer_control': 2}
lane_counts = Counter({'natural': 19, 'exposed_paraphrases': 6})
lock       = {'schema_version': 'project-context-quality-v2-lock-4', 'evaluator_version': '2.4.0', 'mode': 'report_only_baseline', 'thresholds': None, ...}
metadata   = {'path': 'README.md', 'role': 'overview', 'scope': 'project', 'description': 'Project overview, capabilities, and entry points.', ...}
migration  = [{'v1_id': 'natural-install-verify', 'v2_id': 'v2-natural-install-verify', 'expectation_change': 'the authoritative on...f, gateway output, and visible selection are all mandatory; query-anchor-1 remains in the public plan inventory'}, ...]
obligation = {'id': 'orphans', 'accepted_authorities': ['source_of_truth'], 'accepted_scopes': ['project'], 'accepted_witnesses': [..., 'text': 'prunes** orphaned indexed sources'}, {'path': 'README.md', 'text': 'prunes orphaned indexed sources'}], ...}
path       = 'README.md'
rows       = ({'id': 'v2-natural-install-verify', 'migrated_from': 'natural-install-verify', 'lane': 'natural', 'question': 'Я впер...', 'lane': 'natural', 'question': 'Как проходит запрос get_docs_context от MCP-входа до выбора источников?', ...}, ...)
type_counts = Counter({'positive': 20, 'strict_negative': 3, 'unsupported_answer_control': 2})
witness    = {'path': 'README.md', 'text': 'prunes orphaned indexed sources'}
witness_paths = {'CONTRIBUTING.md', 'README.md', 'docs/PROJECT_MAP.md', 'docs/index-cleanup.md', 'docs/mcp-docs-server.md', 'docs/modules/evidence-selection.md', ...}

eval/project_context_quality_v2_protocol.py:180: ValueError
___________________ test_contributor_live_reading_and_tests ____________________

    def test_contributor_live_reading_and_tests():
        from eval.project_context_quality_v2_protocol import load_cases, validate_corpus, evaluate_case
        from scripts.run_project_docs_self_host_gate import LiveCase, run
    
>       validate_corpus()

LiveCase   = <class 'scripts.run_project_docs_self_host_gate.LiveCase'>
evaluate_case = <function evaluate_case at 0x7fed08669bc0>
load_cases = <function load_cases at 0x7fed086698a0>
run        = <function run at 0x7fed09254ea0>
validate_corpus = <function validate_corpus at 0x7fed08669940>

tests/docs/test_generic_context_workflows.py:220: 
_ _ _ _ _ _ _ _ _ _ _ _ _ _ _ _ _ _ _ _ _ _ _ _ _ _ _ _ _ _ _ _ _ _ _ _ _ _ _ _ 

    def validate_corpus() -> dict[str, Any]:
        rows = load_cases()
        catalog = _catalog()
        lock = json.loads(LOCK_PATH.read_text(encoding="utf-8"))
        migration = json.loads(MIGRATION_PATH.read_text(encoding="utf-8"))["crosswalk"]
        if {row["v2_id"] for row in migration} != {row["id"] for row in rows}:
            raise ValueError("v2 migration crosswalk is incomplete")
        witness_paths: set[str] = set()
        lane_counts: Counter[str] = Counter()
        type_counts: Counter[str] = Counter()
        for case in rows:
            lane_counts[case["lane"]] += 1
            case_type = case.get("case_type", "positive" if case["expected_kind"] == "docs_context" else "strict_negative")
            type_counts[case_type] += 1
            if case["question"] != case["original_question"]:
                raise ValueError(f"original prompt changed: {case['id']}")
            if case.get("case_type", "positive" if case["expected_kind"] == "docs_context" else "strict_negative") == "positive" and not case["obligations"]:
                raise ValueError(f"positive case has no obligations: {case['id']}")
            if len(case["lookup_queries"]) != len(case["lookup_query_ids"]):
                raise ValueError(f"lookup inventory mismatch: {case['id']}")
            for obligation in case["obligations"]:
                if not obligation.get("accepted_witnesses") or not obligation.get("lookup_query_ids"):
                    raise ValueError(f"incomplete obligation: {case['id']}/{obligation['id']}")
                if obligation["id"] in case["lookup_query_ids"]:
                    raise ValueError(f"semantic obligation reuses a lookup id: {case['id']}/{obligation['id']}")
                for witness in obligation["accepted_witnesses"]:
                    path = witness["path"]
                    metadata = catalog.get(path)
                    if metadata is None:
                        raise ValueError(f"witness is not an active catalog document: {path}")
                    if metadata["authority"] not in obligation["accepted_authorities"] or metadata["scope"] not in obligation["accepted_scopes"]:
                        raise ValueError(f"witness authority/scope mismatch: {path}")
                    if normalize_prose(witness["text"]) not in normalize_prose((ROOT / path).read_text(encoding="utf-8")):
                        raise ValueError(f"witness text is absent from active document: {path}")
                    witness_paths.add(path)
        if dict(lane_counts) != lock["inventory"]["lanes"]:
            raise ValueError("v2 lane inventory mismatch")
        expected_type_counts = {
            "positive": lock["inventory"]["positive_count"],
            "strict_negative": lock["inventory"]["negative_count"],
            "unsupported_answer_control": lock["inventory"]["unsupported_answer_control_count"],
        }
        if dict(type_counts) != expected_type_counts:
            raise ValueError("v2 case-type inventory mismatch")
        if {path: _sha256(ROOT / path) for path in sorted(witness_paths)} != lock["active_document_sha256"]:
>           raise ValueError("active witness document revision mismatch")
E           ValueError: active witness document revision mismatch

case       = {'id': 'v2-paraphrase-negative-martian', 'migrated_from': 'paraphrase-negative-martian', 'lane': 'exposed_paraphrases', 'question': 'Which Martian telepathic retention standard governs this documentation runtime?', ...}
case_type  = 'strict_negative'
catalog    = {'.hermes/plans/2026-08-25-ru-semantic-and-patch-context-completion.md': {'path': '.hermes/plans/2026-08-25-ru-semanti...'CHANGELOG.md', 'role': 'other', 'scope': 'project', 'description': 'Released and pending project changes.', ...}, ...}
expected_type_counts = {'positive': 20, 'strict_negative': 3, 'unsupported_answer_control': 2}
lane_counts = Counter({'natural': 19, 'exposed_paraphrases': 6})
lock       = {'schema_version': 'project-context-quality-v2-lock-4', 'evaluator_version': '2.4.0', 'mode': 'report_only_baseline', 'thresholds': None, ...}
metadata   = {'path': 'README.md', 'role': 'overview', 'scope': 'project', 'description': 'Project overview, capabilities, and entry points.', ...}
migration  = [{'v1_id': 'natural-install-verify', 'v2_id': 'v2-natural-install-verify', 'expectation_change': 'the authoritative on...f, gateway output, and visible selection are all mandatory; query-anchor-1 remains in the public plan inventory'}, ...]
obligation = {'id': 'orphans', 'accepted_authorities': ['source_of_truth'], 'accepted_scopes': ['project'], 'accepted_witnesses': [..., 'text': 'prunes** orphaned indexed sources'}, {'path': 'README.md', 'text': 'prunes orphaned indexed sources'}], ...}
path       = 'README.md'
rows       = ({'id': 'v2-natural-install-verify', 'migrated_from': 'natural-install-verify', 'lane': 'natural', 'question': 'Я впер...', 'lane': 'natural', 'question': 'Как проходит запрос get_docs_context от MCP-входа до выбора источников?', ...}, ...)
type_counts = Counter({'positive': 20, 'strict_negative': 3, 'unsupported_answer_control': 2})
witness    = {'path': 'README.md', 'text': 'prunes orphaned indexed sources'}
witness_paths = {'CONTRIBUTING.md', 'README.md', 'docs/PROJECT_MAP.md', 'docs/index-cleanup.md', 'docs/mcp-docs-server.md', 'docs/modules/evidence-selection.md', ...}

eval/project_context_quality_v2_protocol.py:180: ValueError
____ test_remaining_live_workflow_witnesses[v2-natural-evidence-selection] _____

case_id = 'v2-natural-evidence-selection'
monkeypatch = <_pytest.monkeypatch.MonkeyPatch object at 0x7fecb61ddfd0>

    @pytest.mark.parametrize("case_id", [
        "v2-natural-evidence-selection", "v2-natural-offline", "v2-paraphrase-local-trial",
    ])
    def test_remaining_live_workflow_witnesses(case_id, monkeypatch):
        import hashlib
        from eval.project_context_quality_v2_protocol import load_cases, validate_corpus, evaluate_case
        from scripts.run_project_docs_self_host_gate import LiveCase, run
        from docmancer.docs.application.model_visible_projection import validate_model_visible_projection
    
>       validate_corpus()

LiveCase   = <class 'scripts.run_project_docs_self_host_gate.LiveCase'>
case_id    = 'v2-natural-evidence-selection'
evaluate_case = <function evaluate_case at 0x7fed08669bc0>
hashlib    = <module 'hashlib' from '/usr/lib/python3.12/hashlib.py'>
load_cases = <function load_cases at 0x7fed086698a0>
monkeypatch = <_pytest.monkeypatch.MonkeyPatch object at 0x7fecb61ddfd0>
run        = <function run at 0x7fed09254ea0>
validate_corpus = <function validate_corpus at 0x7fed08669940>
validate_model_visible_projection = <function validate_model_visible_projection at 0x7fed0a4b3ce0>

tests/docs/test_generic_context_workflows.py:245: 
_ _ _ _ _ _ _ _ _ _ _ _ _ _ _ _ _ _ _ _ _ _ _ _ _ _ _ _ _ _ _ _ _ _ _ _ _ _ _ _ 

    def validate_corpus() -> dict[str, Any]:
        rows = load_cases()
        catalog = _catalog()
        lock = json.loads(LOCK_PATH.read_text(encoding="utf-8"))
        migration = json.loads(MIGRATION_PATH.read_text(encoding="utf-8"))["crosswalk"]
        if {row["v2_id"] for row in migration} != {row["id"] for row in rows}:
            raise ValueError("v2 migration crosswalk is incomplete")
        witness_paths: set[str] = set()
        lane_counts: Counter[str] = Counter()
        type_counts: Counter[str] = Counter()
        for case in rows:
            lane_counts[case["lane"]] += 1
            case_type = case.get("case_type", "positive" if case["expected_kind"] == "docs_context" else "strict_negative")
            type_counts[case_type] += 1
            if case["question"] != case["original_question"]:
                raise ValueError(f"original prompt changed: {case['id']}")
            if case.get("case_type", "positive" if case["expected_kind"] == "docs_context" else "strict_negative") == "positive" and not case["obligations"]:
                raise ValueError(f"positive case has no obligations: {case['id']}")
            if len(case["lookup_queries"]) != len(case["lookup_query_ids"]):
                raise ValueError(f"lookup inventory mismatch: {case['id']}")
            for obligation in case["obligations"]:
                if not obligation.get("accepted_witnesses") or not obligation.get("lookup_query_ids"):
                    raise ValueError(f"incomplete obligation: {case['id']}/{obligation['id']}")
                if obligation["id"] in case["lookup_query_ids"]:
                    raise ValueError(f"semantic obligation reuses a lookup id: {case['id']}/{obligation['id']}")
                for witness in obligation["accepted_witnesses"]:
                    path = witness["path"]
                    metadata = catalog.get(path)
                    if metadata is None:
                        raise ValueError(f"witness is not an active catalog document: {path}")
                    if metadata["authority"] not in obligation["accepted_authorities"] or metadata["scope"] not in obligation["accepted_scopes"]:
                        raise ValueError(f"witness authority/scope mismatch: {path}")
                    if normalize_prose(witness["text"]) not in normalize_prose((ROOT / path).read_text(encoding="utf-8")):
                        raise ValueError(f"witness text is absent from active document: {path}")
                    witness_paths.add(path)
        if dict(lane_counts) != lock["inventory"]["lanes"]:
            raise ValueError("v2 lane inventory mismatch")
        expected_type_counts = {
            "positive": lock["inventory"]["positive_count"],
            "strict_negative": lock["inventory"]["negative_count"],
            "unsupported_answer_control": lock["inventory"]["unsupported_answer_control_count"],
        }
        if dict(type_counts) != expected_type_counts:
            raise ValueError("v2 case-type inventory mismatch")
        if {path: _sha256(ROOT / path) for path in sorted(witness_paths)} != lock["active_document_sha256"]:
>           raise ValueError("active witness document revision mismatch")
E           ValueError: active witness document revision mismatch

case       = {'id': 'v2-paraphrase-negative-martian', 'migrated_from': 'paraphrase-negative-martian', 'lane': 'exposed_paraphrases', 'question': 'Which Martian telepathic retention standard governs this documentation runtime?', ...}
case_type  = 'strict_negative'
catalog    = {'.hermes/plans/2026-08-25-ru-semantic-and-patch-context-completion.md': {'path': '.hermes/plans/2026-08-25-ru-semanti...'CHANGELOG.md', 'role': 'other', 'scope': 'project', 'description': 'Released and pending project changes.', ...}, ...}
expected_type_counts = {'positive': 20, 'strict_negative': 3, 'unsupported_answer_control': 2}
lane_counts = Counter({'natural': 19, 'exposed_paraphrases': 6})
lock       = {'schema_version': 'project-context-quality-v2-lock-4', 'evaluator_version': '2.4.0', 'mode': 'report_only_baseline', 'thresholds': None, ...}
metadata   = {'path': 'README.md', 'role': 'overview', 'scope': 'project', 'description': 'Project overview, capabilities, and entry points.', ...}
migration  = [{'v1_id': 'natural-install-verify', 'v2_id': 'v2-natural-install-verify', 'expectation_change': 'the authoritative on...f, gateway output, and visible selection are all mandatory; query-anchor-1 remains in the public plan inventory'}, ...]
obligation = {'id': 'orphans', 'accepted_authorities': ['source_of_truth'], 'accepted_scopes': ['project'], 'accepted_witnesses': [..., 'text': 'prunes** orphaned indexed sources'}, {'path': 'README.md', 'text': 'prunes orphaned indexed sources'}], ...}
path       = 'README.md'
rows       = ({'id': 'v2-natural-install-verify', 'migrated_from': 'natural-install-verify', 'lane': 'natural', 'question': 'Я впер...', 'lane': 'natural', 'question': 'Как проходит запрос get_docs_context от MCP-входа до выбора источников?', ...}, ...)
type_counts = Counter({'positive': 20, 'strict_negative': 3, 'unsupported_answer_control': 2})
witness    = {'path': 'README.md', 'text': 'prunes orphaned indexed sources'}
witness_paths = {'CONTRIBUTING.md', 'README.md', 'docs/PROJECT_MAP.md', 'docs/index-cleanup.md', 'docs/mcp-docs-server.md', 'docs/modules/evidence-selection.md', ...}

eval/project_context_quality_v2_protocol.py:180: ValueError
__________ test_remaining_live_workflow_witnesses[v2-natural-offline] __________

case_id = 'v2-natural-offline'
monkeypatch = <_pytest.monkeypatch.MonkeyPatch object at 0x7fecb61e6630>

    @pytest.mark.parametrize("case_id", [
        "v2-natural-evidence-selection", "v2-natural-offline", "v2-paraphrase-local-trial",
    ])
    def test_remaining_live_workflow_witnesses(case_id, monkeypatch):
        import hashlib
        from eval.project_context_quality_v2_protocol import load_cases, validate_corpus, evaluate_case
        from scripts.run_project_docs_self_host_gate import LiveCase, run
        from docmancer.docs.application.model_visible_projection import validate_model_visible_projection
    
>       validate_corpus()

LiveCase   = <class 'scripts.run_project_docs_self_host_gate.LiveCase'>
case_id    = 'v2-natural-offline'
evaluate_case = <function evaluate_case at 0x7fed08669bc0>
hashlib    = <module 'hashlib' from '/usr/lib/python3.12/hashlib.py'>
load_cases = <function load_cases at 0x7fed086698a0>
monkeypatch = <_pytest.monkeypatch.MonkeyPatch object at 0x7fecb61e6630>
run        = <function run at 0x7fed09254ea0>
validate_corpus = <function validate_corpus at 0x7fed08669940>
validate_model_visible_projection = <function validate_model_visible_projection at 0x7fed0a4b3ce0>

tests/docs/test_generic_context_workflows.py:245: 
_ _ _ _ _ _ _ _ _ _ _ _ _ _ _ _ _ _ _ _ _ _ _ _ _ _ _ _ _ _ _ _ _ _ _ _ _ _ _ _ 

    def validate_corpus() -> dict[str, Any]:
        rows = load_cases()
        catalog = _catalog()
        lock = json.loads(LOCK_PATH.read_text(encoding="utf-8"))
        migration = json.loads(MIGRATION_PATH.read_text(encoding="utf-8"))["crosswalk"]
        if {row["v2_id"] for row in migration} != {row["id"] for row in rows}:
            raise ValueError("v2 migration crosswalk is incomplete")
        witness_paths: set[str] = set()
        lane_counts: Counter[str] = Counter()
        type_counts: Counter[str] = Counter()
        for case in rows:
            lane_counts[case["lane"]] += 1
            case_type = case.get("case_type", "positive" if case["expected_kind"] == "docs_context" else "strict_negative")
            type_counts[case_type] += 1
            if case["question"] != case["original_question"]:
                raise ValueError(f"original prompt changed: {case['id']}")
            if case.get("case_type", "positive" if case["expected_kind"] == "docs_context" else "strict_negative") == "positive" and not case["obligations"]:
                raise ValueError(f"positive case has no obligations: {case['id']}")
            if len(case["lookup_queries"]) != len(case["lookup_query_ids"]):
                raise ValueError(f"lookup inventory mismatch: {case['id']}")
            for obligation in case["obligations"]:
                if not obligation.get("accepted_witnesses") or not obligation.get("lookup_query_ids"):
                    raise ValueError(f"incomplete obligation: {case['id']}/{obligation['id']}")
                if obligation["id"] in case["lookup_query_ids"]:
                    raise ValueError(f"semantic obligation reuses a lookup id: {case['id']}/{obligation['id']}")
                for witness in obligation["accepted_witnesses"]:
                    path = witness["path"]
                    metadata = catalog.get(path)
                    if metadata is None:
                        raise ValueError(f"witness is not an active catalog document: {path}")
                    if metadata["authority"] not in obligation["accepted_authorities"] or metadata["scope"] not in obligation["accepted_scopes"]:
                        raise ValueError(f"witness authority/scope mismatch: {path}")
                    if normalize_prose(witness["text"]) not in normalize_prose((ROOT / path).read_text(encoding="utf-8")):
                        raise ValueError(f"witness text is absent from active document: {path}")
                    witness_paths.add(path)
        if dict(lane_counts) != lock["inventory"]["lanes"]:
            raise ValueError("v2 lane inventory mismatch")
        expected_type_counts = {
            "positive": lock["inventory"]["positive_count"],
            "strict_negative": lock["inventory"]["negative_count"],
            "unsupported_answer_control": lock["inventory"]["unsupported_answer_control_count"],
        }
        if dict(type_counts) != expected_type_counts:
            raise ValueError("v2 case-type inventory mismatch")
        if {path: _sha256(ROOT / path) for path in sorted(witness_paths)} != lock["active_document_sha256"]:
>           raise ValueError("active witness document revision mismatch")
E           ValueError: active witness document revision mismatch

case       = {'id': 'v2-paraphrase-negative-martian', 'migrated_from': 'paraphrase-negative-martian', 'lane': 'exposed_paraphrases', 'question': 'Which Martian telepathic retention standard governs this documentation runtime?', ...}
case_type  = 'strict_negative'
catalog    = {'.hermes/plans/2026-08-25-ru-semantic-and-patch-context-completion.md': {'path': '.hermes/plans/2026-08-25-ru-semanti...'CHANGELOG.md', 'role': 'other', 'scope': 'project', 'description': 'Released and pending project changes.', ...}, ...}
expected_type_counts = {'positive': 20, 'strict_negative': 3, 'unsupported_answer_control': 2}
lane_counts = Counter({'natural': 19, 'exposed_paraphrases': 6})
lock       = {'schema_version': 'project-context-quality-v2-lock-4', 'evaluator_version': '2.4.0', 'mode': 'report_only_baseline', 'thresholds': None, ...}
metadata   = {'path': 'README.md', 'role': 'overview', 'scope': 'project', 'description': 'Project overview, capabilities, and entry points.', ...}
migration  = [{'v1_id': 'natural-install-verify', 'v2_id': 'v2-natural-install-verify', 'expectation_change': 'the authoritative on...f, gateway output, and visible selection are all mandatory; query-anchor-1 remains in the public plan inventory'}, ...]
obligation = {'id': 'orphans', 'accepted_authorities': ['source_of_truth'], 'accepted_scopes': ['project'], 'accepted_witnesses': [..., 'text': 'prunes** orphaned indexed sources'}, {'path': 'README.md', 'text': 'prunes orphaned indexed sources'}], ...}
path       = 'README.md'
rows       = ({'id': 'v2-natural-install-verify', 'migrated_from': 'natural-install-verify', 'lane': 'natural', 'question': 'Я впер...', 'lane': 'natural', 'question': 'Как проходит запрос get_docs_context от MCP-входа до выбора источников?', ...}, ...)
type_counts = Counter({'positive': 20, 'strict_negative': 3, 'unsupported_answer_control': 2})
witness    = {'path': 'README.md', 'text': 'prunes orphaned indexed sources'}
witness_paths = {'CONTRIBUTING.md', 'README.md', 'docs/PROJECT_MAP.md', 'docs/index-cleanup.md', 'docs/mcp-docs-server.md', 'docs/modules/evidence-selection.md', ...}

eval/project_context_quality_v2_protocol.py:180: ValueError
______ test_remaining_live_workflow_witnesses[v2-paraphrase-local-trial] _______

case_id = 'v2-paraphrase-local-trial'
monkeypatch = <_pytest.monkeypatch.MonkeyPatch object at 0x7fecb58b9a30>

    @pytest.mark.parametrize("case_id", [
        "v2-natural-evidence-selection", "v2-natural-offline", "v2-paraphrase-local-trial",
    ])
    def test_remaining_live_workflow_witnesses(case_id, monkeypatch):
        import hashlib
        from eval.project_context_quality_v2_protocol import load_cases, validate_corpus, evaluate_case
        from scripts.run_project_docs_self_host_gate import LiveCase, run
        from docmancer.docs.application.model_visible_projection import validate_model_visible_projection
    
>       validate_corpus()

LiveCase   = <class 'scripts.run_project_docs_self_host_gate.LiveCase'>
case_id    = 'v2-paraphrase-local-trial'
evaluate_case = <function evaluate_case at 0x7fed08669bc0>
hashlib    = <module 'hashlib' from '/usr/lib/python3.12/hashlib.py'>
load_cases = <function load_cases at 0x7fed086698a0>
monkeypatch = <_pytest.monkeypatch.MonkeyPatch object at 0x7fecb58b9a30>
run        = <function run at 0x7fed09254ea0>
validate_corpus = <function validate_corpus at 0x7fed08669940>
validate_model_visible_projection = <function validate_model_visible_projection at 0x7fed0a4b3ce0>

tests/docs/test_generic_context_workflows.py:245: 
_ _ _ _ _ _ _ _ _ _ _ _ _ _ _ _ _ _ _ _ _ _ _ _ _ _ _ _ _ _ _ _ _ _ _ _ _ _ _ _ 

    def validate_corpus() -> dict[str, Any]:
        rows = load_cases()
        catalog = _catalog()
        lock = json.loads(LOCK_PATH.read_text(encoding="utf-8"))
        migration = json.loads(MIGRATION_PATH.read_text(encoding="utf-8"))["crosswalk"]
        if {row["v2_id"] for row in migration} != {row["id"] for row in rows}:
            raise ValueError("v2 migration crosswalk is incomplete")
        witness_paths: set[str] = set()
        lane_counts: Counter[str] = Counter()
        type_counts: Counter[str] = Counter()
        for case in rows:
            lane_counts[case["lane"]] += 1
            case_type = case.get("case_type", "positive" if case["expected_kind"] == "docs_context" else "strict_negative")
            type_counts[case_type] += 1
            if case["question"] != case["original_question"]:
                raise ValueError(f"original prompt changed: {case['id']}")
            if case.get("case_type", "positive" if case["expected_kind"] == "docs_context" else "strict_negative") == "positive" and not case["obligations"]:
                raise ValueError(f"positive case has no obligations: {case['id']}")
            if len(case["lookup_queries"]) != len(case["lookup_query_ids"]):
                raise ValueError(f"lookup inventory mismatch: {case['id']}")
            for obligation in case["obligations"]:
                if not obligation.get("accepted_witnesses") or not obligation.get("lookup_query_ids"):
                    raise ValueError(f"incomplete obligation: {case['id']}/{obligation['id']}")
                if obligation["id"] in case["lookup_query_ids"]:
                    raise ValueError(f"semantic obligation reuses a lookup id: {case['id']}/{obligation['id']}")
                for witness in obligation["accepted_witnesses"]:
                    path = witness["path"]
                    metadata = catalog.get(path)
                    if metadata is None:
                        raise ValueError(f"witness is not an active catalog document: {path}")
                    if metadata["authority"] not in obligation["accepted_authorities"] or metadata["scope"] not in obligation["accepted_scopes"]:
                        raise ValueError(f"witness authority/scope mismatch: {path}")
                    if normalize_prose(witness["text"]) not in normalize_prose((ROOT / path).read_text(encoding="utf-8")):
                        raise ValueError(f"witness text is absent from active document: {path}")
                    witness_paths.add(path)
        if dict(lane_counts) != lock["inventory"]["lanes"]:
            raise ValueError("v2 lane inventory mismatch")
        expected_type_counts = {
            "positive": lock["inventory"]["positive_count"],
            "strict_negative": lock["inventory"]["negative_count"],
            "unsupported_answer_control": lock["inventory"]["unsupported_answer_control_count"],
        }
        if dict(type_counts) != expected_type_counts:
            raise ValueError("v2 case-type inventory mismatch")
        if {path: _sha256(ROOT / path) for path in sorted(witness_paths)} != lock["active_document_sha256"]:
>           raise ValueError("active witness document revision mismatch")
E           ValueError: active witness document revision mismatch

case       = {'id': 'v2-paraphrase-negative-martian', 'migrated_from': 'paraphrase-negative-martian', 'lane': 'exposed_paraphrases', 'question': 'Which Martian telepathic retention standard governs this documentation runtime?', ...}
case_type  = 'strict_negative'
catalog    = {'.hermes/plans/2026-08-25-ru-semantic-and-patch-context-completion.md': {'path': '.hermes/plans/2026-08-25-ru-semanti...'CHANGELOG.md', 'role': 'other', 'scope': 'project', 'description': 'Released and pending project changes.', ...}, ...}
expected_type_counts = {'positive': 20, 'strict_negative': 3, 'unsupported_answer_control': 2}
lane_counts = Counter({'natural': 19, 'exposed_paraphrases': 6})
lock       = {'schema_version': 'project-context-quality-v2-lock-4', 'evaluator_version': '2.4.0', 'mode': 'report_only_baseline', 'thresholds': None, ...}
metadata   = {'path': 'README.md', 'role': 'overview', 'scope': 'project', 'description': 'Project overview, capabilities, and entry points.', ...}
migration  = [{'v1_id': 'natural-install-verify', 'v2_id': 'v2-natural-install-verify', 'expectation_change': 'the authoritative on...f, gateway output, and visible selection are all mandatory; query-anchor-1 remains in the public plan inventory'}, ...]
obligation = {'id': 'orphans', 'accepted_authorities': ['source_of_truth'], 'accepted_scopes': ['project'], 'accepted_witnesses': [..., 'text': 'prunes** orphaned indexed sources'}, {'path': 'README.md', 'text': 'prunes orphaned indexed sources'}], ...}
path       = 'README.md'
rows       = ({'id': 'v2-natural-install-verify', 'migrated_from': 'natural-install-verify', 'lane': 'natural', 'question': 'Я впер...', 'lane': 'natural', 'question': 'Как проходит запрос get_docs_context от MCP-входа до выбора источников?', ...}, ...)
type_counts = Counter({'positive': 20, 'strict_negative': 3, 'unsupported_answer_control': 2})
witness    = {'path': 'README.md', 'text': 'prunes orphaned indexed sources'}
witness_paths = {'CONTRIBUTING.md', 'README.md', 'docs/PROJECT_MAP.md', 'docs/index-cleanup.md', 'docs/mcp-docs-server.md', 'docs/modules/evidence-selection.md', ...}

eval/project_context_quality_v2_protocol.py:180: ValueError
______________________ test_catalog_live_invalid_behavior ______________________

monkeypatch = <_pytest.monkeypatch.MonkeyPatch object at 0x7fecb58c6d20>

    def test_catalog_live_invalid_behavior(monkeypatch):
        from eval.project_context_quality_v2_protocol import load_cases, validate_corpus, evaluate_case
        from scripts.run_project_docs_self_host_gate import LiveCase, run
    
>       validate_corpus()

LiveCase   = <class 'scripts.run_project_docs_self_host_gate.LiveCase'>
evaluate_case = <function evaluate_case at 0x7fed08669bc0>
load_cases = <function load_cases at 0x7fed086698a0>
monkeypatch = <_pytest.monkeypatch.MonkeyPatch object at 0x7fecb58c6d20>
run        = <function run at 0x7fed09254ea0>
validate_corpus = <function validate_corpus at 0x7fed08669940>

tests/docs/test_generic_context_workflows.py:520: 
_ _ _ _ _ _ _ _ _ _ _ _ _ _ _ _ _ _ _ _ _ _ _ _ _ _ _ _ _ _ _ _ _ _ _ _ _ _ _ _ 

    def validate_corpus() -> dict[str, Any]:
        rows = load_cases()
        catalog = _catalog()
        lock = json.loads(LOCK_PATH.read_text(encoding="utf-8"))
        migration = json.loads(MIGRATION_PATH.read_text(encoding="utf-8"))["crosswalk"]
        if {row["v2_id"] for row in migration} != {row["id"] for row in rows}:
            raise ValueError("v2 migration crosswalk is incomplete")
        witness_paths: set[str] = set()
        lane_counts: Counter[str] = Counter()
        type_counts: Counter[str] = Counter()
        for case in rows:
            lane_counts[case["lane"]] += 1
            case_type = case.get("case_type", "positive" if case["expected_kind"] == "docs_context" else "strict_negative")
            type_counts[case_type] += 1
            if case["question"] != case["original_question"]:
                raise ValueError(f"original prompt changed: {case['id']}")
            if case.get("case_type", "positive" if case["expected_kind"] == "docs_context" else "strict_negative") == "positive" and not case["obligations"]:
                raise ValueError(f"positive case has no obligations: {case['id']}")
            if len(case["lookup_queries"]) != len(case["lookup_query_ids"]):
                raise ValueError(f"lookup inventory mismatch: {case['id']}")
            for obligation in case["obligations"]:
                if not obligation.get("accepted_witnesses") or not obligation.get("lookup_query_ids"):
                    raise ValueError(f"incomplete obligation: {case['id']}/{obligation['id']}")
                if obligation["id"] in case["lookup_query_ids"]:
                    raise ValueError(f"semantic obligation reuses a lookup id: {case['id']}/{obligation['id']}")
                for witness in obligation["accepted_witnesses"]:
                    path = witness["path"]
                    metadata = catalog.get(path)
                    if metadata is None:
                        raise ValueError(f"witness is not an active catalog document: {path}")
                    if metadata["authority"] not in obligation["accepted_authorities"] or metadata["scope"] not in obligation["accepted_scopes"]:
                        raise ValueError(f"witness authority/scope mismatch: {path}")
                    if normalize_prose(witness["text"]) not in normalize_prose((ROOT / path).read_text(encoding="utf-8")):
                        raise ValueError(f"witness text is absent from active document: {path}")
                    witness_paths.add(path)
        if dict(lane_counts) != lock["inventory"]["lanes"]:
            raise ValueError("v2 lane inventory mismatch")
        expected_type_counts = {
            "positive": lock["inventory"]["positive_count"],
            "strict_negative": lock["inventory"]["negative_count"],
            "unsupported_answer_control": lock["inventory"]["unsupported_answer_control_count"],
        }
        if dict(type_counts) != expected_type_counts:
            raise ValueError("v2 case-type inventory mismatch")
        if {path: _sha256(ROOT / path) for path in sorted(witness_paths)} != lock["active_document_sha256"]:
>           raise ValueError("active witness document revision mismatch")
E           ValueError: active witness document revision mismatch

case       = {'id': 'v2-paraphrase-negative-martian', 'migrated_from': 'paraphrase-negative-martian', 'lane': 'exposed_paraphrases', 'question': 'Which Martian telepathic retention standard governs this documentation runtime?', ...}
case_type  = 'strict_negative'
catalog    = {'.hermes/plans/2026-08-25-ru-semantic-and-patch-context-completion.md': {'path': '.hermes/plans/2026-08-25-ru-semanti...'CHANGELOG.md', 'role': 'other', 'scope': 'project', 'description': 'Released and pending project changes.', ...}, ...}
expected_type_counts = {'positive': 20, 'strict_negative': 3, 'unsupported_answer_control': 2}
lane_counts = Counter({'natural': 19, 'exposed_paraphrases': 6})
lock       = {'schema_version': 'project-context-quality-v2-lock-4', 'evaluator_version': '2.4.0', 'mode': 'report_only_baseline', 'thresholds': None, ...}
metadata   = {'path': 'README.md', 'role': 'overview', 'scope': 'project', 'description': 'Project overview, capabilities, and entry points.', ...}
migration  = [{'v1_id': 'natural-install-verify', 'v2_id': 'v2-natural-install-verify', 'expectation_change': 'the authoritative on...f, gateway output, and visible selection are all mandatory; query-anchor-1 remains in the public plan inventory'}, ...]
obligation = {'id': 'orphans', 'accepted_authorities': ['source_of_truth'], 'accepted_scopes': ['project'], 'accepted_witnesses': [..., 'text': 'prunes** orphaned indexed sources'}, {'path': 'README.md', 'text': 'prunes orphaned indexed sources'}], ...}
path       = 'README.md'
rows       = ({'id': 'v2-natural-install-verify', 'migrated_from': 'natural-install-verify', 'lane': 'natural', 'question': 'Я впер...', 'lane': 'natural', 'question': 'Как проходит запрос get_docs_context от MCP-входа до выбора источников?', ...}, ...)
type_counts = Counter({'positive': 20, 'strict_negative': 3, 'unsupported_answer_control': 2})
witness    = {'path': 'README.md', 'text': 'prunes orphaned indexed sources'}
witness_paths = {'CONTRIBUTING.md', 'README.md', 'docs/PROJECT_MAP.md', 'docs/index-cleanup.md', 'docs/mcp-docs-server.md', 'docs/modules/evidence-selection.md', ...}

eval/project_context_quality_v2_protocol.py:180: ValueError
____________ test_v3_does_not_reclassify_frozen_v2_config_questions ____________

    def test_v3_does_not_reclassify_frozen_v2_config_questions():
        expected = {
            "What is the default query budget in docmancer.yaml?": (
                "fdc51fc235885c6af48517d9a85f653793ab3a5410d9e02c0a90a7d02d98ad20",
                "872c4a962af59af8078cfc62075a04c56b6bcfce7aed6c4a191ae61027196313",
            ),
            "What is the default indexing provider in docmancer.yaml?": (
                "5a5b5fdd3cfc118d625d0d6c6e776a201a6116dff7ca38374c0f6030353d0577",
                "e55ff49411a7977dd77e9573a2580701ce69fa6496cc95dac63e35f3da4e5286",
            ),
        }
        for question, (contract_hash, requirements_hash) in expected.items():
            contract = build_project_answer_contract(question)
            requirements = build_requirements(question, profile="project_docs_answer")
            assert contract.schema_version == PROJECT_ANSWER_CONTRACT_SCHEMA_V2
>           assert contract.contract_hash == contract_hash
E           AssertionError: assert '2a14b99f1a7e...47131635d5c66' == 'fdc51fc23588...0a7d02d98ad20'
E             
E             - fdc51fc235885c6af48517d9a85f653793ab3a5410d9e02c0a90a7d02d98ad20
E             + 2a14b99f1a7e8ee520b742976057f21ccd7f10842d8f6830a4e47131635d5c66

contract   = ProjectAnswerContract(question_hash='1e79cacce5df36ad49ff3258c5e7caf75d3305854ac9f23fe735e31b46fc7bfb', retrieval_hint...acy_unresolved:unreviewed_frame:What is the default query budget in docmancer.yaml?',), component_scope_complete=False)
contract_hash = 'fdc51fc235885c6af48517d9a85f653793ab3a5410d9e02c0a90a7d02d98ad20'
expected   = {'What is the default query budget in docmancer.yaml?': ('fdc51fc235885c6af48517d9a85f653793ab3a5410d9e02c0a90a7d02d98...625d0d6c6e776a201a6116dff7ca38374c0f6030353d0577', 'e55ff49411a7977dd77e9573a2580701ce69fa6496cc95dac63e35f3da4e5286')}
question   = 'What is the default query budget in docmancer.yaml?'
requirements = EvidenceRequirementSet(requirements=(EvidenceRequirement(requirement_id='project_answer:0:definition:a399686fdfa2c16b'...acy_unresolved:unreviewed_frame:What is the default query budget in docmancer.yaml?',), component_scope_complete=False)
requirements_hash = '872c4a962af59af8078cfc62075a04c56b6bcfce7aed6c4a191ae61027196313'

tests/docs/test_project_answer_contract_v3.py:96: AssertionError
______ test_question_plan_splits_compound_questions_into_mandatory_facets ______

    def test_question_plan_splits_compound_questions_into_mandatory_facets():
        retrieval_plan = build_documentation_query_plan(
            "What are the public tools and when should each tool be used?"
        )
>       assert [(query.text, query.origin) for query in retrieval_plan.queries] == [
            ("What are the public tools and when should each tool be used?", "original"),
        ]
E       AssertionError: assert [('What are t...ical_intent')] == [('What are t..., 'original')]
E         
E         Left contains one more item: ('should each tool be used', 'canonical_intent')
E         Use -v to get more diff

retrieval_plan = DocumentationQueryPlan(original_question='What are the public tools and when should each tool be used?', queries=(Docu...resolved_parts=(), component_contract=(), component_scope_complete=False, schema_version='documentation-query-plan-v2')

tests/docs/test_question_plan_v4.py:67: AssertionError
________ test_request_flow_public_contract_remains_four_fact_fail_safe _________

    def test_request_flow_public_contract_remains_four_fact_fail_safe():
        from eval.project_context_quality_v2_protocol import evaluate_case, load_cases
        from scripts.run_project_docs_self_host_gate import LiveCase, run
    
        case = next(row for row in load_cases() if row["id"] == "v2-natural-request-flow")
        result = run(cases=(LiveCase(
            case_id=case["id"], question=case["question"], relevant_paths=(),
            lookup_queries=tuple(case["lookup_queries"]), scope=case["scope"],
        ),), negative_cases=())
        payload = result["results"][0]["payload"]
        verdict = evaluate_case(case, payload)
>       assert {row["id"] for row in verdict["obligations"] if row["met"]} == {
            "flow_mcp", "flow_application", "flow_gateway", "flow_selection",
        }
E       AssertionError: assert {'flow_applic...ow_selection'} == {'flow_applic...ow_selection'}
E         
E         Extra items in the right set:
E         'flow_gateway'
E         'flow_mcp'
E         Use -v to get more diff

LiveCase   = <class 'scripts.run_project_docs_self_host_gate.LiveCase'>
case       = {'id': 'v2-natural-request-flow', 'migrated_from': 'natural-request-flow', 'lane': 'natural', 'question': 'Как проходит запрос get_docs_context от MCP-входа до выбора источников?', ...}
evaluate_case = <function evaluate_case at 0x7fed08669bc0>
load_cases = <function load_cases at 0x7fed086698a0>
payload    = {'status': 'ok', 'kind': 'docs_context', 'context_status': 'ready', 'context_available': True, ...}
result     = {'schema_version': 'project-answer-quality-live-result-v1', 'run_mode': 'live_self_host', 'provider_free': True, 'case_count': 1, ...}
run        = <function run at 0x7fed09254ea0>
verdict    = {'id': 'v2-natural-request-flow', 'lane': 'natural', 'semantic_useful': False, 'negative_correct': False, ...}

tests/docs/test_request_flow_lineage.py:104: AssertionError
_ test_public_projection_prioritizes_public_queries_not_audited_alias_count[False-256-1] _

aliases = 1, budget = 256, reverse = False

    @pytest.mark.parametrize("aliases", [1, 2])
    @pytest.mark.parametrize("budget", [256, 800])
    @pytest.mark.parametrize("reverse", [False, True])
    def test_public_projection_prioritizes_public_queries_not_audited_alias_count(aliases, budget, reverse):
        retrieval = _host_lookup_context_retrieval()
        single, diverse = retrieval["context_pack"][:2]
        queries = [{"query_id": "query-original", "origin": "original", "text": "Explain the processing directions."}]
        queries.extend({"query_id": f"query-lookup-{index}", "origin": "host_lookup", "text": text}
                       for index, text in enumerate(("amber", "indigo", "cobalt"), 1))
        queries.extend({
            "query_id": f"query-host-rewrite-{index}", "origin": "canonical_intent", "text": text,
            "relation": "audited_rewrite", "public_parent_query_id": "query-lookup-1",
        } for index, text in enumerate(("copper", "silver")[:aliases], 1))
        single.update(path="docs/single.md", content="Amber copper silver.", retrieval_query_matches={})
        diverse.update(path="docs/diverse.md", content="Indigo cobalt.", retrieval_query_matches={})
        for query in queries[1:]:
            source = single if query.get("public_parent_query_id") or query["text"] == "amber" else diverse
            source["retrieval_query_matches"][query["query_id"]] = {
                "query_text": query["text"], "qualified": True,
                "relation": query.get("relation", "host_lookup"),
                "public_parent_query_id": query.get("public_parent_query_id"),
            }
        retrieval["context_pack"] = [diverse, single] if reverse else [single, diverse]
        retrieval["documentation_query_plan"] = {"queries": queries, "required_query_ids": []}
        payload, snapshot = project_docs_context(retrieval=retrieval, max_tokens=budget)
>       assert payload["sources"][0]["path_or_url"] == "docs/diverse.md"
               ^^^^^^^^^^^^^^^^^^
E       KeyError: 'sources'

aliases    = 1
budget     = 256
diverse    = {'source_class': 'project_doc', 'path': 'docs/diverse.md', 'heading_path': 'Architecture', 'content': 'Indigo cobalt.', ...}
payload    = {'status': 'insufficient_evidence', 'kind': 'docs_context', 'missing': ['No safe, current, project-scoped documentation context was retrieved.'], 'estimated_tokens': 98, ...}
queries    = [{'query_id': 'query-original', 'origin': 'original', 'text': 'Explain the processing directions.'}, {'query_id': 'que...query_id': 'query-host-rewrite-1', 'origin': 'canonical_intent', 'text': 'copper', 'relation': 'audited_rewrite', ...}]
query      = {'query_id': 'query-host-rewrite-1', 'origin': 'canonical_intent', 'text': 'copper', 'relation': 'audited_rewrite', ...}
retrieval  = {'context_pack': [{'source_class': 'project_doc', 'path': 'docs/single.md', 'heading_path': 'Purpose', 'content': 'Amb....md', 'evidence_id': 'ev-c84c78e772979eb3', 'qualified_query_ids': ['query-host-rewrite-1', 'query-lookup-1']}], ...}}}
reverse    = False
single     = {'source_class': 'project_doc', 'path': 'docs/single.md', 'heading_path': 'Purpose', 'content': 'Amber copper silver.', ...}
snapshot   = {}
source     = {'source_class': 'project_doc', 'path': 'docs/single.md', 'heading_path': 'Purpose', 'content': 'Amber copper silver.', ...}

tests/docs/test_review_boundary_semantics.py:141: KeyError
_ test_public_projection_prioritizes_public_queries_not_audited_alias_count[False-256-2] _

aliases = 2, budget = 256, reverse = False

    @pytest.mark.parametrize("aliases", [1, 2])
    @pytest.mark.parametrize("budget", [256, 800])
    @pytest.mark.parametrize("reverse", [False, True])
    def test_public_projection_prioritizes_public_queries_not_audited_alias_count(aliases, budget, reverse):
        retrieval = _host_lookup_context_retrieval()
        single, diverse = retrieval["context_pack"][:2]
        queries = [{"query_id": "query-original", "origin": "original", "text": "Explain the processing directions."}]
        queries.extend({"query_id": f"query-lookup-{index}", "origin": "host_lookup", "text": text}
                       for index, text in enumerate(("amber", "indigo", "cobalt"), 1))
        queries.extend({
            "query_id": f"query-host-rewrite-{index}", "origin": "canonical_intent", "text": text,
            "relation": "audited_rewrite", "public_parent_query_id": "query-lookup-1",
        } for index, text in enumerate(("copper", "silver")[:aliases], 1))
        single.update(path="docs/single.md", content="Amber copper silver.", retrieval_query_matches={})
        diverse.update(path="docs/diverse.md", content="Indigo cobalt.", retrieval_query_matches={})
        for query in queries[1:]:
            source = single if query.get("public_parent_query_id") or query["text"] == "amber" else diverse
            source["retrieval_query_matches"][query["query_id"]] = {
                "query_text": query["text"], "qualified": True,
                "relation": query.get("relation", "host_lookup"),
                "public_parent_query_id": query.get("public_parent_query_id"),
            }
        retrieval["context_pack"] = [diverse, single] if reverse else [single, diverse]
        retrieval["documentation_query_plan"] = {"queries": queries, "required_query_ids": []}
        payload, snapshot = project_docs_context(retrieval=retrieval, max_tokens=budget)
>       assert payload["sources"][0]["path_or_url"] == "docs/diverse.md"
               ^^^^^^^^^^^^^^^^^^
E       KeyError: 'sources'

aliases    = 2
budget     = 256
diverse    = {'source_class': 'project_doc', 'path': 'docs/diverse.md', 'heading_path': 'Architecture', 'content': 'Indigo cobalt.', ...}
payload    = {'status': 'insufficient_evidence', 'kind': 'docs_context', 'missing': ['No safe, current, project-scoped documentation context was retrieved.'], 'estimated_tokens': 98, ...}
queries    = [{'query_id': 'query-original', 'origin': 'original', 'text': 'Explain the processing directions.'}, {'query_id': 'que...query_id': 'query-host-rewrite-2', 'origin': 'canonical_intent', 'text': 'silver', 'relation': 'audited_rewrite', ...}]
query      = {'query_id': 'query-host-rewrite-2', 'origin': 'canonical_intent', 'text': 'silver', 'relation': 'audited_rewrite', ...}
retrieval  = {'context_pack': [{'source_class': 'project_doc', 'path': 'docs/single.md', 'heading_path': 'Purpose', 'content': 'Amb...-c84c78e772979eb3', 'qualified_query_ids': ['query-host-rewrite-1', 'query-host-rewrite-2', 'query-lookup-1']}], ...}}}
reverse    = False
single     = {'source_class': 'project_doc', 'path': 'docs/single.md', 'heading_path': 'Purpose', 'content': 'Amber copper silver.', ...}
snapshot   = {}
source     = {'source_class': 'project_doc', 'path': 'docs/single.md', 'heading_path': 'Purpose', 'content': 'Amber copper silver.', ...}

tests/docs/test_review_boundary_semantics.py:141: KeyError
_ test_public_projection_prioritizes_public_queries_not_audited_alias_count[True-256-1] _

aliases = 1, budget = 256, reverse = True

    @pytest.mark.parametrize("aliases", [1, 2])
    @pytest.mark.parametrize("budget", [256, 800])
    @pytest.mark.parametrize("reverse", [False, True])
    def test_public_projection_prioritizes_public_queries_not_audited_alias_count(aliases, budget, reverse):
        retrieval = _host_lookup_context_retrieval()
        single, diverse = retrieval["context_pack"][:2]
        queries = [{"query_id": "query-original", "origin": "original", "text": "Explain the processing directions."}]
        queries.extend({"query_id": f"query-lookup-{index}", "origin": "host_lookup", "text": text}
                       for index, text in enumerate(("amber", "indigo", "cobalt"), 1))
        queries.extend({
            "query_id": f"query-host-rewrite-{index}", "origin": "canonical_intent", "text": text,
            "relation": "audited_rewrite", "public_parent_query_id": "query-lookup-1",
        } for index, text in enumerate(("copper", "silver")[:aliases], 1))
        single.update(path="docs/single.md", content="Amber copper silver.", retrieval_query_matches={})
        diverse.update(path="docs/diverse.md", content="Indigo cobalt.", retrieval_query_matches={})
        for query in queries[1:]:
            source = single if query.get("public_parent_query_id") or query["text"] == "amber" else diverse
            source["retrieval_query_matches"][query["query_id"]] = {
                "query_text": query["text"], "qualified": True,
                "relation": query.get("relation", "host_lookup"),
                "public_parent_query_id": query.get("public_parent_query_id"),
            }
        retrieval["context_pack"] = [diverse, single] if reverse else [single, diverse]
        retrieval["documentation_query_plan"] = {"queries": queries, "required_query_ids": []}
        payload, snapshot = project_docs_context(retrieval=retrieval, max_tokens=budget)
>       assert payload["sources"][0]["path_or_url"] == "docs/diverse.md"
               ^^^^^^^^^^^^^^^^^^
E       KeyError: 'sources'

aliases    = 1
budget     = 256
diverse    = {'source_class': 'project_doc', 'path': 'docs/diverse.md', 'heading_path': 'Architecture', 'content': 'Indigo cobalt.', ...}
payload    = {'status': 'insufficient_evidence', 'kind': 'docs_context', 'missing': ['No safe, current, project-scoped documentation context was retrieved.'], 'estimated_tokens': 98, ...}
queries    = [{'query_id': 'query-original', 'origin': 'original', 'text': 'Explain the processing directions.'}, {'query_id': 'que...query_id': 'query-host-rewrite-1', 'origin': 'canonical_intent', 'text': 'copper', 'relation': 'audited_rewrite', ...}]
query      = {'query_id': 'query-host-rewrite-1', 'origin': 'canonical_intent', 'text': 'copper', 'relation': 'audited_rewrite', ...}
retrieval  = {'context_pack': [{'source_class': 'project_doc', 'path': 'docs/diverse.md', 'heading_path': 'Architecture', 'content'....md', 'evidence_id': 'ev-c84c78e772979eb3', 'qualified_query_ids': ['query-host-rewrite-1', 'query-lookup-1']}], ...}}}
reverse    = True
single     = {'source_class': 'project_doc', 'path': 'docs/single.md', 'heading_path': 'Purpose', 'content': 'Amber copper silver.', ...}
snapshot   = {}
source     = {'source_class': 'project_doc', 'path': 'docs/single.md', 'heading_path': 'Purpose', 'content': 'Amber copper silver.', ...}

tests/docs/test_review_boundary_semantics.py:141: KeyError
_ test_public_projection_prioritizes_public_queries_not_audited_alias_count[True-256-2] _

aliases = 2, budget = 256, reverse = True

    @pytest.mark.parametrize("aliases", [1, 2])
    @pytest.mark.parametrize("budget", [256, 800])
    @pytest.mark.parametrize("reverse", [False, True])
    def test_public_projection_prioritizes_public_queries_not_audited_alias_count(aliases, budget, reverse):
        retrieval = _host_lookup_context_retrieval()
        single, diverse = retrieval["context_pack"][:2]
        queries = [{"query_id": "query-original", "origin": "original", "text": "Explain the processing directions."}]
        queries.extend({"query_id": f"query-lookup-{index}", "origin": "host_lookup", "text": text}
                       for index, text in enumerate(("amber", "indigo", "cobalt"), 1))
        queries.extend({
            "query_id": f"query-host-rewrite-{index}", "origin": "canonical_intent", "text": text,
            "relation": "audited_rewrite", "public_parent_query_id": "query-lookup-1",
        } for index, text in enumerate(("copper", "silver")[:aliases], 1))
        single.update(path="docs/single.md", content="Amber copper silver.", retrieval_query_matches={})
        diverse.update(path="docs/diverse.md", content="Indigo cobalt.", retrieval_query_matches={})
        for query in queries[1:]:
            source = single if query.get("public_parent_query_id") or query["text"] == "amber" else diverse
            source["retrieval_query_matches"][query["query_id"]] = {
                "query_text": query["text"], "qualified": True,
                "relation": query.get("relation", "host_lookup"),
                "public_parent_query_id": query.get("public_parent_query_id"),
            }
        retrieval["context_pack"] = [diverse, single] if reverse else [single, diverse]
        retrieval["documentation_query_plan"] = {"queries": queries, "required_query_ids": []}
        payload, snapshot = project_docs_context(retrieval=retrieval, max_tokens=budget)
>       assert payload["sources"][0]["path_or_url"] == "docs/diverse.md"
               ^^^^^^^^^^^^^^^^^^
E       KeyError: 'sources'

aliases    = 2
budget     = 256
diverse    = {'source_class': 'project_doc', 'path': 'docs/diverse.md', 'heading_path': 'Architecture', 'content': 'Indigo cobalt.', ...}
payload    = {'status': 'insufficient_evidence', 'kind': 'docs_context', 'missing': ['No safe, current, project-scoped documentation context was retrieved.'], 'estimated_tokens': 98, ...}
queries    = [{'query_id': 'query-original', 'origin': 'original', 'text': 'Explain the processing directions.'}, {'query_id': 'que...query_id': 'query-host-rewrite-2', 'origin': 'canonical_intent', 'text': 'silver', 'relation': 'audited_rewrite', ...}]
query      = {'query_id': 'query-host-rewrite-2', 'origin': 'canonical_intent', 'text': 'silver', 'relation': 'audited_rewrite', ...}
retrieval  = {'context_pack': [{'source_class': 'project_doc', 'path': 'docs/diverse.md', 'heading_path': 'Architecture', 'content'...-c84c78e772979eb3', 'qualified_query_ids': ['query-host-rewrite-1', 'query-host-rewrite-2', 'query-lookup-1']}], ...}}}
reverse    = True
single     = {'source_class': 'project_doc', 'path': 'docs/single.md', 'heading_path': 'Purpose', 'content': 'Amber copper silver.', ...}
snapshot   = {}
source     = {'source_class': 'project_doc', 'path': 'docs/single.md', 'heading_path': 'Purpose', 'content': 'Amber copper silver.', ...}

tests/docs/test_review_boundary_semantics.py:141: KeyError
_ test_retrieved_safe_context_survives_unknown_question_class[What kind of interfaces does Pebble create, and how is it intended to compose them?-command line interfaces\nin a composable way] _

tmp_path = PosixPath('/tmp/pytest-of-viadmin/pytest-11/test_retrieved_safe_context_su0')
monkeypatch = <_pytest.monkeypatch.MonkeyPatch object at 0x7fecb4fef980>
question = 'What kind of interfaces does Pebble create, and how is it intended to compose them?'
expected = 'command line interfaces\nin a composable way'

    @pytest.mark.parametrize('question,expected',CASES)
    def test_retrieved_safe_context_survives_unknown_question_class(tmp_path,monkeypatch,question,expected):
        service,root=_named_document_service(tmp_path,monkeypatch,['README.md'],{'README.md':TEXT})
        payload,trace=capture(service,{'question':question,'project_path':root,'scope':'all'})
        assert any(expected in s['snippet'] for r in trace['stages']['retrieved_candidates'] for s in r['sources'])
>       assert payload.get('context_available') is True
E       AssertionError: assert False is True
E        +  where False = <built-in method get of dict object at 0x7fecb72f1d80>('context_available')
E        +    where <built-in method get of dict object at 0x7fecb72f1d80> = {'status': 'insufficient_evidence', 'kind': 'docs_context', 'missing': ['No safe, current, project-scoped documentation context was retrieved.'], 'estimated_tokens': 248, ...}.get

expected   = 'command line interfaces\nin a composable way'
monkeypatch = <_pytest.monkeypatch.MonkeyPatch object at 0x7fecb4fef980>
payload    = {'status': 'insufficient_evidence', 'kind': 'docs_context', 'missing': ['No safe, current, project-scoped documentation context was retrieved.'], 'estimated_tokens': 248, ...}
question   = 'What kind of interfaces does Pebble create, and how is it intended to compose them?'
root       = '/tmp/pytest-of-viadmin/pytest-11/test_retrieved_safe_context_su0/project'
service    = <docmancer.docs.service.LibraryDocsService object at 0x7fecb66157f0>
tmp_path   = PosixPath('/tmp/pytest-of-viadmin/pytest-11/test_retrieved_safe_context_su0')
trace      = {'schema_version': 'evidence-quality-same-call-v2', 'stages': {'retrieved_candidates': [{'complete': True, 'sources': ...xt_su0/project/README.md', 'parent_logical_id': 'parent-ae0099084c22d74e1dc171e87ebaec30'}], ...}, 'snapshot': {}, ...}

tests/evidence_quality_v2/test_readme_neutral_context.py:50: AssertionError
_ test_lookup_identical_to_original_is_not_a_new_requirement[What kind of interfaces does Pebble create, and how is it intended to compose them?-command line interfaces\nin a composable way] _

tmp_path = PosixPath('/tmp/pytest-of-viadmin/pytest-11/test_lookup_identical_to_origi0')
monkeypatch = <_pytest.monkeypatch.MonkeyPatch object at 0x7fecb659ac00>
question = 'What kind of interfaces does Pebble create, and how is it intended to compose them?'
expected = 'command line interfaces\nin a composable way'

    @pytest.mark.parametrize('question,expected',CASES)
    def test_lookup_identical_to_original_is_not_a_new_requirement(tmp_path,monkeypatch,question,expected):
        service,root=_named_document_service(tmp_path,monkeypatch,['README.md'],{'README.md':TEXT})
        args={'question':question,'project_path':root,'scope':'all'}
        base,base_trace=capture(service,args)
        duplicate,trace=capture(service,{**args,'lookup_queries':[question]})
>       assert base['context_available'] is True
E       assert False is True

args       = {'question': 'What kind of interfaces does Pebble create, and how is it intended to compose them?', 'project_path': '/tmp/pytest-of-viadmin/pytest-11/test_lookup_identical_to_origi0/project', 'scope': 'all'}
base       = {'status': 'insufficient_evidence', 'kind': 'docs_context', 'missing': ['No safe, current, project-scoped documentation context was retrieved.'], 'estimated_tokens': 248, ...}
base_trace = {'schema_version': 'evidence-quality-same-call-v2', 'stages': {'retrieved_candidates': [{'complete': True, 'sources': ...origi0/project/README.md', 'parent_logical_id': 'parent-87c9af80cd1e893cd68ff687a3bac9c8'}], ...}, 'snapshot': {}, ...}
duplicate  = {'status': 'insufficient_evidence', 'kind': 'docs_context', 'missing': ['No safe, current, project-scoped documentation context was retrieved.'], 'estimated_tokens': 248, ...}
expected   = 'command line interfaces\nin a composable way'
monkeypatch = <_pytest.monkeypatch.MonkeyPatch object at 0x7fecb659ac00>
question   = 'What kind of interfaces does Pebble create, and how is it intended to compose them?'
root       = '/tmp/pytest-of-viadmin/pytest-11/test_lookup_identical_to_origi0/project'
service    = <docmancer.docs.service.LibraryDocsService object at 0x7fecb5fda270>
tmp_path   = PosixPath('/tmp/pytest-of-viadmin/pytest-11/test_lookup_identical_to_origi0')
trace      = {'schema_version': 'evidence-quality-same-call-v2', 'stages': {'retrieved_candidates': [{'complete': True, 'sources': ...origi0/project/README.md', 'parent_logical_id': 'parent-87c9af80cd1e893cd68ff687a3bac9c8'}], ...}, 'snapshot': {}, ...}

tests/evidence_quality_v2/test_readme_neutral_context.py:91: AssertionError
_ test_query_project_docs_attributes_generic_retrieval_hints_without_covering_original _

tmp_path = PosixPath('/tmp/pytest-of-viadmin/pytest-11/test_query_project_docs_attrib0')

    def test_query_project_docs_attributes_generic_retrieval_hints_without_covering_original(tmp_path):
        from docmancer.docs.application.evidence_selection import build_requirements
    
        project = tmp_path / "generic-hint"
        project.mkdir()
        question = "How are NebulaLedger orbital telemetry snapshots persisted?"
    
        class Agent:
            config = SimpleNamespace(query=SimpleNamespace(default_limit=5))
    
            def query(self, query, *, limit, budget, expand, filters):
                if query == "NebulaLedger":
                    return [RetrievedChunk(
                        source="docs/nebula.md",
                        chunk_index=0,
                        text="NebulaLedger persists orbital telemetry snapshots in SQLite.",
                        score=1.0,
                        metadata={
                            "project_identity": filters["project_identity"],
                            "token_estimate": 20,
                            "lexical_match": {"qualified": True, "mode": "and"},
                        },
                    )]
                return []
    
        class Facade:
            def _agent_instance(self):
                return Agent()
    
        chunks = ProjectDocsService(Facade()).query_project_docs(
            str(project),
            question,
            requirements=build_requirements(question, profile="project_docs_answer"),
        )
    
        assert len(chunks) == 1
>       assert "query-hint-1" in chunks[0].metadata["retrieval_query_ids"]
E       AssertionError: assert 'query-hint-1' in ('query-anchor-1', 'query-original')

Agent      = <class 'tests.test_docs_service_part02.test_query_project_docs_attributes_generic_retrieval_hints_without_covering_original.<locals>.Agent'>
Facade     = <class 'tests.test_docs_service_part02.test_query_project_docs_attributes_generic_retrieval_hints_without_covering_original.<locals>.Facade'>
build_requirements = <function build_requirements at 0x7fed0ae7fa60>
chunks     = [RetrievedChunk(source='docs/nebula.md', chunk_index=0, text='NebulaLedger persists orbital telemetry snapshots in SQL..._body', 'query_term_count': 5, 'admission_only': True}}, 'retrieval_query_ids': ('query-anchor-1', 'query-original')})]
project    = PosixPath('/tmp/pytest-of-viadmin/pytest-11/test_query_project_docs_attrib0/generic-hint')
question   = 'How are NebulaLedger orbital telemetry snapshots persisted?'
tmp_path   = PosixPath('/tmp/pytest-of-viadmin/pytest-11/test_query_project_docs_attrib0')

tests/test_docs_service_part02.py:782: AssertionError
_____ test_project_query_does_not_return_non_project_docs_with_same_terms ______

tmp_path = PosixPath('/tmp/pytest-of-viadmin/pytest-11/test_project_query_does_not_re0')
monkeypatch = <_pytest.monkeypatch.MonkeyPatch object at 0x7fecb55a0c20>

    def test_project_query_does_not_return_non_project_docs_with_same_terms(tmp_path, monkeypatch):
        project = tmp_path / "app"
        project.mkdir()
        docs = project / "docs"
        docs.mkdir()
        distractor = (
            "# Presentation plan notes\n\n"
            "Phase 2.3 presentation-only snippets mention EvidenceRequirementSet, "
            "SupportDecision, and decision_hash, but this supporting note does not "
            "define the acceptance contract.\n"
        )
        for index in range(24):
            (docs / f"note-{index:02d}.md").write_text(distractor, encoding="utf-8")
        (project / "zz-authoritative-plan.md").write_text(
            """# Approved retrieval plan
    
    ## Phase 2.3: presentation-only snippets
    
    EvidenceRequirementSet and SupportDecision are canonical selector inputs.
    Presentation cannot determine support or drop a mandatory-facet witness.
    Every public mode preserves the same decision_hash and selected evidence IDs.
    
    ## Phase 3.1: dispatcher reuse
    
    Library lexical retrieval invokes RetrievalDispatcher with the raw topic unchanged.
    EvidenceRequirementSet supplies recall hints but never a second support decision.
    The first production mode remains lexical and must not call vectors or embeddings.
    
    ## Phase 3.1: index-witness retrieval-miss classification
    
    Files:
    
    - docmancer/docs/application/library_docs_service.py
    - docmancer/docs/infrastructure/agent_index_gateway.py
    
    Classify retrieval_miss only when the complete same-library, exact-version corpus
    contains mandatory-requirement witnesses confirmed by a bounded index-level probe
    outside the selected candidates. Never infer retrieval_miss from an empty candidate
    list. Keep the default lexical path provider-free: it makes no vector, embedding,
    or provider calls.
    """,
            encoding="utf-8",
        )
        (project / "README.md").write_text(
            "# Project overview\n\nThis repository owns the approved retrieval plan.\n",
            encoding="utf-8",
        )
        (project / "docatlas.project-docs.yaml").write_text(
            """schema_version: 1
    documents:
      - path: zz-authoritative-plan.md
        role: development
        scope: project
        description: Approved implementation plan and acceptance contract.
        authority: source_of_truth
        status: active
        impact: track
      - path: README.md
        role: overview
        scope: project
        description: Project overview.
        authority: supporting
        status: active
        impact: track
    roots:
      - path: docs
        scope: project
        authority: supporting
    """,
            encoding="utf-8",
        )
        service = _service_with_real_agent(tmp_path, monkeypatch)
        ingest = service.ingest_project_docs(str(project), with_vectors=False)
        assert ingest.status == "success", ingest.message
    
        question = (
            "What exact Phase 2.3 presentation-only snippet contract governs "
            "EvidenceRequirementSet, SupportDecision, and decision_hash?"
        )
        payload = handle_context_tool(
            "get_docs_context",
            {
                "question": question,
                "project_path": str(project),
                "mode": "project",
                "delivery_strategy": "bounded_direct",
            },
            service,
        )
    
        assert payload is not None
        assert payload["status"] == "ok"
        assert payload["kind"] == "docs_context"
        assert payload["answer_supported"] is False
        assert payload["edit_ready"] is False
        assert payload["sources"][0]["path_or_url"] == "zz-authoritative-plan.md"
>       assert all(
            not source["path_or_url"].startswith("docs/note-")
            for source in payload["sources"]
        ), payload["sources"]
E       AssertionError: [{'evidence_id': 'ev-8950dcb8d23569a3', 'path_or_url': 'zz-authoritative-plan.md', 'section': 'Approved retrieval plan...ementSet, SupportDecision, and decision_hash, but this supporting note does not define the acceptance contract.', ...}]
E       assert False
E        +  where False = all(<generator object test_project_query_does_not_return_non_project_docs_with_same_terms.<locals>.<genexpr> at 0x7fecb5ef2b50>)

distractor = '# Presentation plan notes\n\nPhase 2.3 presentation-only snippets mention EvidenceRequirementSet, SupportDecision, and decision_hash, but this supporting note does not define the acceptance contract.\n'
docs       = PosixPath('/tmp/pytest-of-viadmin/pytest-11/test_project_query_does_not_re0/app/docs')
index      = 23
ingest     = ProjectDocsIngestResult(status='success', project=ProjectMetadata(project_path='/tmp/pytest-of-viadmin/pytest-11/test_...26 project docs candidate(s). Verified 26 indexed project docs candidate(s).', vector_sync={'status': 'not_requested'})
monkeypatch = <_pytest.monkeypatch.MonkeyPatch object at 0x7fecb55a0c20>
payload    = {'status': 'ok', 'kind': 'docs_context', 'context_status': 'ready', 'context_available': True, ...}
project    = PosixPath('/tmp/pytest-of-viadmin/pytest-11/test_project_query_does_not_re0/app')
question   = 'What exact Phase 2.3 presentation-only snippet contract governs EvidenceRequirementSet, SupportDecision, and decision_hash?'
service    = <docmancer.docs.service.LibraryDocsService object at 0x7fecb5683170>
tmp_path   = PosixPath('/tmp/pytest-of-viadmin/pytest-11/test_project_query_does_not_re0')

tests/test_docs_service_part03.py:101: AssertionError
------------------------------ Captured log call -------------------------------
INFO     docmancer.agent:agent.py:107 Indexing 26 document(s) with SQLite FTS5
INFO     docmancer.agent:agent.py:113 Stored 26 source(s), 29 section(s)
____________ test_v2_inventory_lock_witnesses_and_report_only_lanes ____________

    def test_v2_inventory_lock_witnesses_and_report_only_lanes():
>       validation = protocol.validate_corpus()
                     ^^^^^^^^^^^^^^^^^^^^^^^^^^


tests/test_project_context_quality_v2_protocol.py:45: 
_ _ _ _ _ _ _ _ _ _ _ _ _ _ _ _ _ _ _ _ _ _ _ _ _ _ _ _ _ _ _ _ _ _ _ _ _ _ _ _ 

    def validate_corpus() -> dict[str, Any]:
        rows = load_cases()
        catalog = _catalog()
        lock = json.loads(LOCK_PATH.read_text(encoding="utf-8"))
        migration = json.loads(MIGRATION_PATH.read_text(encoding="utf-8"))["crosswalk"]
        if {row["v2_id"] for row in migration} != {row["id"] for row in rows}:
            raise ValueError("v2 migration crosswalk is incomplete")
        witness_paths: set[str] = set()
        lane_counts: Counter[str] = Counter()
        type_counts: Counter[str] = Counter()
        for case in rows:
            lane_counts[case["lane"]] += 1
            case_type = case.get("case_type", "positive" if case["expected_kind"] == "docs_context" else "strict_negative")
            type_counts[case_type] += 1
            if case["question"] != case["original_question"]:
                raise ValueError(f"original prompt changed: {case['id']}")
            if case.get("case_type", "positive" if case["expected_kind"] == "docs_context" else "strict_negative") == "positive" and not case["obligations"]:
                raise ValueError(f"positive case has no obligations: {case['id']}")
            if len(case["lookup_queries"]) != len(case["lookup_query_ids"]):
                raise ValueError(f"lookup inventory mismatch: {case['id']}")
            for obligation in case["obligations"]:
                if not obligation.get("accepted_witnesses") or not obligation.get("lookup_query_ids"):
                    raise ValueError(f"incomplete obligation: {case['id']}/{obligation['id']}")
                if obligation["id"] in case["lookup_query_ids"]:
                    raise ValueError(f"semantic obligation reuses a lookup id: {case['id']}/{obligation['id']}")
                for witness in obligation["accepted_witnesses"]:
                    path = witness["path"]
                    metadata = catalog.get(path)
                    if metadata is None:
                        raise ValueError(f"witness is not an active catalog document: {path}")
                    if metadata["authority"] not in obligation["accepted_authorities"] or metadata["scope"] not in obligation["accepted_scopes"]:
                        raise ValueError(f"witness authority/scope mismatch: {path}")
                    if normalize_prose(witness["text"]) not in normalize_prose((ROOT / path).read_text(encoding="utf-8")):
                        raise ValueError(f"witness text is absent from active document: {path}")
                    witness_paths.add(path)
        if dict(lane_counts) != lock["inventory"]["lanes"]:
            raise ValueError("v2 lane inventory mismatch")
        expected_type_counts = {
            "positive": lock["inventory"]["positive_count"],
            "strict_negative": lock["inventory"]["negative_count"],
            "unsupported_answer_control": lock["inventory"]["unsupported_answer_control_count"],
        }
        if dict(type_counts) != expected_type_counts:
            raise ValueError("v2 case-type inventory mismatch")
        if {path: _sha256(ROOT / path) for path in sorted(witness_paths)} != lock["active_document_sha256"]:
>           raise ValueError("active witness document revision mismatch")
E           ValueError: active witness document revision mismatch

case       = {'id': 'v2-paraphrase-negative-martian', 'migrated_from': 'paraphrase-negative-martian', 'lane': 'exposed_paraphrases', 'question': 'Which Martian telepathic retention standard governs this documentation runtime?', ...}
case_type  = 'strict_negative'
catalog    = {'.hermes/plans/2026-08-25-ru-semantic-and-patch-context-completion.md': {'path': '.hermes/plans/2026-08-25-ru-semanti...'CHANGELOG.md', 'role': 'other', 'scope': 'project', 'description': 'Released and pending project changes.', ...}, ...}
expected_type_counts = {'positive': 20, 'strict_negative': 3, 'unsupported_answer_control': 2}
lane_counts = Counter({'natural': 19, 'exposed_paraphrases': 6})
lock       = {'schema_version': 'project-context-quality-v2-lock-4', 'evaluator_version': '2.4.0', 'mode': 'report_only_baseline', 'thresholds': None, ...}
metadata   = {'path': 'README.md', 'role': 'overview', 'scope': 'project', 'description': 'Project overview, capabilities, and entry points.', ...}
migration  = [{'v1_id': 'natural-install-verify', 'v2_id': 'v2-natural-install-verify', 'expectation_change': 'the authoritative on...f, gateway output, and visible selection are all mandatory; query-anchor-1 remains in the public plan inventory'}, ...]
obligation = {'id': 'orphans', 'accepted_authorities': ['source_of_truth'], 'accepted_scopes': ['project'], 'accepted_witnesses': [..., 'text': 'prunes** orphaned indexed sources'}, {'path': 'README.md', 'text': 'prunes orphaned indexed sources'}], ...}
path       = 'README.md'
rows       = ({'id': 'v2-natural-install-verify', 'migrated_from': 'natural-install-verify', 'lane': 'natural', 'question': 'Я впер...', 'lane': 'natural', 'question': 'Как проходит запрос get_docs_context от MCP-входа до выбора источников?', ...}, ...)
type_counts = Counter({'positive': 20, 'strict_negative': 3, 'unsupported_answer_control': 2})
witness    = {'path': 'README.md', 'text': 'prunes orphaned indexed sources'}
witness_paths = {'CONTRIBUTING.md', 'README.md', 'docs/PROJECT_MAP.md', 'docs/index-cleanup.md', 'docs/mcp-docs-server.md', 'docs/modules/evidence-selection.md', ...}

eval/project_context_quality_v2_protocol.py:180: ValueError
=============================== warnings summary ===============================
tests/docs/test_finalized_mcp_output_integrity.py::test_dispatcher_and_sdk_use_the_same_terminal_contract[False-False]
  /tmp/opencode/docatlas-stage3-stack-env/lib/python3.12/site-packages/starlette/formparsers.py:12: PendingDeprecationWarning: Please use `import python_multipart` instead.
    import multipart

tests/test_install_cmd.py::test_install_claude_code_creates_rebooted_skill_file
  /tmp/opencode/docatlas-stage3-stack/tests/test_install_cmd.py:44: DeprecationWarning: 'isolated_filesystem' is deprecated and will be removed in Click 9.0. Use 'tempfile.TemporaryDirectory' or pytest's 'tmp_path' fixture with absolute paths instead.
    with runner.isolated_filesystem() as tmp_dir:

tests/test_install_cmd.py::test_install_codex_creates_native_and_shared_skills
  /tmp/opencode/docatlas-stage3-stack/tests/test_install_cmd.py:63: DeprecationWarning: 'isolated_filesystem' is deprecated and will be removed in Click 9.0. Use 'tempfile.TemporaryDirectory' or pytest's 'tmp_path' fixture with absolute paths instead.
    with runner.isolated_filesystem() as tmp_dir:

tests/test_install_cmd.py::test_install_cursor_creates_agents_md_fallback
  /tmp/opencode/docatlas-stage3-stack/tests/test_install_cmd.py:75: DeprecationWarning: 'isolated_filesystem' is deprecated and will be removed in Click 9.0. Use 'tempfile.TemporaryDirectory' or pytest's 'tmp_path' fixture with absolute paths instead.
    with runner.isolated_filesystem() as tmp_dir:

tests/test_install_cmd.py::test_install_github_copilot_project_creates_repo_instructions
  /tmp/opencode/docatlas-stage3-stack/tests/test_install_cmd.py:91: DeprecationWarning: 'isolated_filesystem' is deprecated and will be removed in Click 9.0. Use 'tempfile.TemporaryDirectory' or pytest's 'tmp_path' fixture with absolute paths instead.
    with runner.isolated_filesystem() as tmp_dir:

tests/test_install_cmd.py::test_project_install_writes_compact_docs_mcp_bootstrap[codex-AGENTS.md]
tests/test_install_cmd.py::test_project_install_writes_compact_docs_mcp_bootstrap[claude-code-CLAUDE.md]
tests/test_install_cmd.py::test_project_install_writes_compact_docs_mcp_bootstrap[cursor-AGENTS.md]
tests/test_install_cmd.py::test_project_install_writes_compact_docs_mcp_bootstrap[github-copilot-AGENTS.md]
tests/test_install_cmd.py::test_project_install_writes_compact_docs_mcp_bootstrap[opencode-AGENTS.md]
tests/test_install_cmd.py::test_project_install_writes_compact_docs_mcp_bootstrap[cline-AGENTS.md]
tests/test_install_cmd.py::test_project_install_writes_compact_docs_mcp_bootstrap[gemini-AGENTS.md]
  /tmp/opencode/docatlas-stage3-stack/tests/test_install_cmd.py:126: DeprecationWarning: 'isolated_filesystem' is deprecated and will be removed in Click 9.0. Use 'tempfile.TemporaryDirectory' or pytest's 'tmp_path' fixture with absolute paths instead.
    with runner.isolated_filesystem() as tmp_dir:

tests/test_install_cmd.py::test_project_install_replaces_only_its_managed_bootstrap_block
  /tmp/opencode/docatlas-stage3-stack/tests/test_install_cmd.py:142: DeprecationWarning: 'isolated_filesystem' is deprecated and will be removed in Click 9.0. Use 'tempfile.TemporaryDirectory' or pytest's 'tmp_path' fixture with absolute paths instead.
    with runner.isolated_filesystem() as tmp_dir:

tests/test_install_cmd.py::test_project_install_preserves_user_text_when_appending_bootstrap
  /tmp/opencode/docatlas-stage3-stack/tests/test_install_cmd.py:166: DeprecationWarning: 'isolated_filesystem' is deprecated and will be removed in Click 9.0. Use 'tempfile.TemporaryDirectory' or pytest's 'tmp_path' fixture with absolute paths instead.
    with runner.isolated_filesystem() as tmp_dir:

tests/test_install_cmd.py::test_project_uninstall_removes_only_managed_bootstrap_block
  /tmp/opencode/docatlas-stage3-stack/tests/test_install_cmd.py:180: DeprecationWarning: 'isolated_filesystem' is deprecated and will be removed in Click 9.0. Use 'tempfile.TemporaryDirectory' or pytest's 'tmp_path' fixture with absolute paths instead.
    with runner.isolated_filesystem() as tmp_dir:

tests/test_install_cmd.py::test_project_uninstall_keeps_shared_bootstrap_for_another_agent
  /tmp/opencode/docatlas-stage3-stack/tests/test_install_cmd.py:195: DeprecationWarning: 'isolated_filesystem' is deprecated and will be removed in Click 9.0. Use 'tempfile.TemporaryDirectory' or pytest's 'tmp_path' fixture with absolute paths instead.
    with runner.isolated_filesystem() as tmp_dir:

tests/test_install_cmd.py::test_project_uninstall_keeps_shared_bootstrap_for_copilot_and_codex[codex]
tests/test_install_cmd.py::test_project_uninstall_keeps_shared_bootstrap_for_copilot_and_codex[github-copilot]
  /tmp/opencode/docatlas-stage3-stack/tests/test_install_cmd.py:216: DeprecationWarning: 'isolated_filesystem' is deprecated and will be removed in Click 9.0. Use 'tempfile.TemporaryDirectory' or pytest's 'tmp_path' fixture with absolute paths instead.
    with runner.isolated_filesystem() as tmp_dir:

tests/test_install_cmd.py::test_project_uninstall_detects_legacy_shared_bootstrap_owners_from_mcp_configs
  /tmp/opencode/docatlas-stage3-stack/tests/test_install_cmd.py:232: DeprecationWarning: 'isolated_filesystem' is deprecated and will be removed in Click 9.0. Use 'tempfile.TemporaryDirectory' or pytest's 'tmp_path' fixture with absolute paths instead.
    with runner.isolated_filesystem() as tmp_dir:

tests/test_install_cmd.py::test_failed_project_install_does_not_record_agent_state
  /tmp/opencode/docatlas-stage3-stack/tests/test_install_cmd.py:250: DeprecationWarning: 'isolated_filesystem' is deprecated and will be removed in Click 9.0. Use 'tempfile.TemporaryDirectory' or pytest's 'tmp_path' fixture with absolute paths instead.
    with runner.isolated_filesystem() as tmp_dir:

tests/test_install_cmd.py::test_project_uninstall_removes_managed_project_skill[claude-code-.claude/skills/docatlas/SKILL.md]
tests/test_install_cmd.py::test_project_uninstall_removes_managed_project_skill[cursor-.cursor/skills/docatlas/SKILL.md]
tests/test_install_cmd.py::test_project_uninstall_removes_managed_project_skill[cline-.cline/skills/docatlas/SKILL.md]
tests/test_install_cmd.py::test_project_uninstall_removes_managed_project_skill[gemini-.gemini/skills/docatlas/SKILL.md]
  /tmp/opencode/docatlas-stage3-stack/tests/test_install_cmd.py:275: DeprecationWarning: 'isolated_filesystem' is deprecated and will be removed in Click 9.0. Use 'tempfile.TemporaryDirectory' or pytest's 'tmp_path' fixture with absolute paths instead.
    with runner.isolated_filesystem() as tmp_dir:

tests/test_install_cmd.py::test_claude_project_uninstall_preserves_global_mcp_registration
  /tmp/opencode/docatlas-stage3-stack/tests/test_install_cmd.py:290: DeprecationWarning: 'isolated_filesystem' is deprecated and will be removed in Click 9.0. Use 'tempfile.TemporaryDirectory' or pytest's 'tmp_path' fixture with absolute paths instead.
    with runner.isolated_filesystem() as tmp_dir:

tests/test_install_cmd.py::test_global_uninstall_preserves_unmanaged_skill_text
  /tmp/opencode/docatlas-stage3-stack/tests/test_install_cmd.py:310: DeprecationWarning: 'isolated_filesystem' is deprecated and will be removed in Click 9.0. Use 'tempfile.TemporaryDirectory' or pytest's 'tmp_path' fixture with absolute paths instead.
    with runner.isolated_filesystem() as tmp_dir:

tests/test_install_cmd.py::test_project_uninstall_removes_codex_mcp_registration
  /tmp/opencode/docatlas-stage3-stack/tests/test_install_cmd.py:326: DeprecationWarning: 'isolated_filesystem' is deprecated and will be removed in Click 9.0. Use 'tempfile.TemporaryDirectory' or pytest's 'tmp_path' fixture with absolute paths instead.
    with runner.isolated_filesystem() as tmp_dir:

tests/test_install_cmd.py::test_gemini_uninstall_does_not_remove_codex_shared_skill
  /tmp/opencode/docatlas-stage3-stack/tests/test_install_cmd.py:342: DeprecationWarning: 'isolated_filesystem' is deprecated and will be removed in Click 9.0. Use 'tempfile.TemporaryDirectory' or pytest's 'tmp_path' fixture with absolute paths instead.
    with runner.isolated_filesystem() as tmp_dir:

tests/test_install_cmd.py::test_reinstall_migrates_marker_before_front_matter
  /tmp/opencode/docatlas-stage3-stack/tests/test_install_cmd.py:358: DeprecationWarning: 'isolated_filesystem' is deprecated and will be removed in Click 9.0. Use 'tempfile.TemporaryDirectory' or pytest's 'tmp_path' fixture with absolute paths instead.
    with runner.isolated_filesystem() as tmp_dir:

tests/test_install_cmd.py::test_global_uninstall_removes_fully_managed_skill_file
  /tmp/opencode/docatlas-stage3-stack/tests/test_install_cmd.py:380: DeprecationWarning: 'isolated_filesystem' is deprecated and will be removed in Click 9.0. Use 'tempfile.TemporaryDirectory' or pytest's 'tmp_path' fixture with absolute paths instead.
    with runner.isolated_filesystem() as tmp_dir:

tests/test_install_cmd.py::test_global_uninstall_preserves_user_skill_front_matter
  /tmp/opencode/docatlas-stage3-stack/tests/test_install_cmd.py:395: DeprecationWarning: 'isolated_filesystem' is deprecated and will be removed in Click 9.0. Use 'tempfile.TemporaryDirectory' or pytest's 'tmp_path' fixture with absolute paths instead.
    with runner.isolated_filesystem() as tmp_dir:

tests/test_install_cmd.py::test_reinstall_updates_owned_skill_front_matter
  /tmp/opencode/docatlas-stage3-stack/tests/test_install_cmd.py:413: DeprecationWarning: 'isolated_filesystem' is deprecated and will be removed in Click 9.0. Use 'tempfile.TemporaryDirectory' or pytest's 'tmp_path' fixture with absolute paths instead.
    with runner.isolated_filesystem() as tmp_dir:

tests/test_install_cmd.py::test_copilot_project_uninstall_removes_both_managed_instruction_blocks
  /tmp/opencode/docatlas-stage3-stack/tests/test_install_cmd.py:432: DeprecationWarning: 'isolated_filesystem' is deprecated and will be removed in Click 9.0. Use 'tempfile.TemporaryDirectory' or pytest's 'tmp_path' fixture with absolute paths instead.
    with runner.isolated_filesystem() as tmp_dir:

tests/test_install_cmd.py::test_copilot_project_install_preserves_explicit_user_instruction_setting
  /tmp/opencode/docatlas-stage3-stack/tests/test_install_cmd.py:446: DeprecationWarning: 'isolated_filesystem' is deprecated and will be removed in Click 9.0. Use 'tempfile.TemporaryDirectory' or pytest's 'tmp_path' fixture with absolute paths instead.
    with runner.isolated_filesystem() as tmp_dir:

tests/test_install_cmd.py::test_legacy_skill_migration_preserves_user_suffix
  /tmp/opencode/docatlas-stage3-stack/tests/test_install_cmd.py:471: DeprecationWarning: 'isolated_filesystem' is deprecated and will be removed in Click 9.0. Use 'tempfile.TemporaryDirectory' or pytest's 'tmp_path' fixture with absolute paths instead.
    with runner.isolated_filesystem() as tmp_dir:

tests/test_install_cmd.py::test_project_install_registers_docs_mcp_without_global_skill[codex-.codex/config.toml-mcp_servers]
tests/test_install_cmd.py::test_project_install_registers_docs_mcp_without_global_skill[opencode-opencode.json-mcp]
tests/test_install_cmd.py::test_project_install_registers_docs_mcp_without_global_skill[github-copilot-.vscode/mcp.json-servers]
  /tmp/opencode/docatlas-stage3-stack/tests/test_install_cmd.py:500: DeprecationWarning: 'isolated_filesystem' is deprecated and will be removed in Click 9.0. Use 'tempfile.TemporaryDirectory' or pytest's 'tmp_path' fixture with absolute paths instead.
    with runner.isolated_filesystem() as tmp_dir:

tests/test_install_cmd.py::test_setup_detects_vscode_and_installs_github_copilot_project_files
  /tmp/opencode/docatlas-stage3-stack/tests/test_install_cmd.py:522: DeprecationWarning: 'isolated_filesystem' is deprecated and will be removed in Click 9.0. Use 'tempfile.TemporaryDirectory' or pytest's 'tmp_path' fixture with absolute paths instead.
    with runner.isolated_filesystem() as tmp_dir:

tests/test_install_cmd.py::test_install_claude_desktop_creates_zip
  /tmp/opencode/docatlas-stage3-stack/tests/test_install_cmd.py:538: DeprecationWarning: 'isolated_filesystem' is deprecated and will be removed in Click 9.0. Use 'tempfile.TemporaryDirectory' or pytest's 'tmp_path' fixture with absolute paths instead.
    with runner.isolated_filesystem() as tmp_dir:

tests/test_install_cmd.py::test_setup_all_creates_config_db_and_installs_skills
  /tmp/opencode/docatlas-stage3-stack/tests/test_install_cmd.py:571: DeprecationWarning: 'isolated_filesystem' is deprecated and will be removed in Click 9.0. Use 'tempfile.TemporaryDirectory' or pytest's 'tmp_path' fixture with absolute paths instead.
    with runner.isolated_filesystem() as tmp_dir:

tests/test_install_cmd.py::test_setup_yes_offline_project_local_prints_readiness_summary
  /tmp/opencode/docatlas-stage3-stack/tests/test_install_cmd.py:587: DeprecationWarning: 'isolated_filesystem' is deprecated and will be removed in Click 9.0. Use 'tempfile.TemporaryDirectory' or pytest's 'tmp_path' fixture with absolute paths instead.
    with runner.isolated_filesystem() as tmp_dir:

tests/test_install_cmd.py::test_setup_mcp_docs_prints_docs_server_command
  /tmp/opencode/docatlas-stage3-stack/tests/test_install_cmd.py:605: DeprecationWarning: 'isolated_filesystem' is deprecated and will be removed in Click 9.0. Use 'tempfile.TemporaryDirectory' or pytest's 'tmp_path' fixture with absolute paths instead.
    with runner.isolated_filesystem() as tmp_dir:

tests/test_install_mcp_handshake.py::test_install_claude_code_registers_mcp_entry
  /tmp/opencode/docatlas-stage3-stack/tests/test_install_mcp_handshake.py:26: DeprecationWarning: 'isolated_filesystem' is deprecated and will be removed in Click 9.0. Use 'tempfile.TemporaryDirectory' or pytest's 'tmp_path' fixture with absolute paths instead.
    with runner.isolated_filesystem() as tmp_dir:

tests/test_install_mcp_handshake.py::test_install_cursor_registers_mcp_entry
  /tmp/opencode/docatlas-stage3-stack/tests/test_install_mcp_handshake.py:39: DeprecationWarning: 'isolated_filesystem' is deprecated and will be removed in Click 9.0. Use 'tempfile.TemporaryDirectory' or pytest's 'tmp_path' fixture with absolute paths instead.
    with runner.isolated_filesystem() as tmp_dir:

tests/test_install_mcp_handshake.py::test_install_unknown_to_mcp_agent_does_not_break_install
  /tmp/opencode/docatlas-stage3-stack/tests/test_install_mcp_handshake.py:51: DeprecationWarning: 'isolated_filesystem' is deprecated and will be removed in Click 9.0. Use 'tempfile.TemporaryDirectory' or pytest's 'tmp_path' fixture with absolute paths instead.
    with runner.isolated_filesystem() as tmp_dir:

tests/test_install_mcp_handshake.py::test_project_install_cline_and_gemini_register_docs_mcp
  /tmp/opencode/docatlas-stage3-stack/tests/test_install_mcp_handshake.py:58: DeprecationWarning: 'isolated_filesystem' is deprecated and will be removed in Click 9.0. Use 'tempfile.TemporaryDirectory' or pytest's 'tmp_path' fixture with absolute paths instead.
    with runner.isolated_filesystem() as tmp_dir:

-- Docs: https://docs.pytest.org/en/stable/how-to/capture-warnings.html
=========================== short test summary info ============================
FAILED tests/docs/test_component_coverage.py::test_visible_component_novelty_follows_exact_constraints_before_public_queries[projection_clip]
FAILED tests/docs/test_context_projection_boundaries.py::test_frozen_request_flow_prefers_project_context_module_witnesses
FAILED tests/docs/test_direct_docatlas_questions_15.py::test_direct_docatlas_questions_15_visible_context_covers_all_required_facts
FAILED tests/docs/test_generic_context_workflows.py::test_stale_health_live_status_sync_and_removal
FAILED tests/docs/test_generic_context_workflows.py::test_first_session_live_query
FAILED tests/docs/test_generic_context_workflows.py::test_contributor_live_reading_and_tests
FAILED tests/docs/test_generic_context_workflows.py::test_remaining_live_workflow_witnesses[v2-natural-evidence-selection]
FAILED tests/docs/test_generic_context_workflows.py::test_remaining_live_workflow_witnesses[v2-natural-offline]
FAILED tests/docs/test_generic_context_workflows.py::test_remaining_live_workflow_witnesses[v2-paraphrase-local-trial]
FAILED tests/docs/test_generic_context_workflows.py::test_catalog_live_invalid_behavior
FAILED tests/docs/test_project_answer_contract_v3.py::test_v3_does_not_reclassify_frozen_v2_config_questions
FAILED tests/docs/test_question_plan_v4.py::test_question_plan_splits_compound_questions_into_mandatory_facets
FAILED tests/docs/test_request_flow_lineage.py::test_request_flow_public_contract_remains_four_fact_fail_safe
FAILED tests/docs/test_review_boundary_semantics.py::test_public_projection_prioritizes_public_queries_not_audited_alias_count[False-256-1]
FAILED tests/docs/test_review_boundary_semantics.py::test_public_projection_prioritizes_public_queries_not_audited_alias_count[False-256-2]
FAILED tests/docs/test_review_boundary_semantics.py::test_public_projection_prioritizes_public_queries_not_audited_alias_count[True-256-1]
FAILED tests/docs/test_review_boundary_semantics.py::test_public_projection_prioritizes_public_queries_not_audited_alias_count[True-256-2]
FAILED tests/evidence_quality_v2/test_readme_neutral_context.py::test_retrieved_safe_context_survives_unknown_question_class[What kind of interfaces does Pebble create, and how is it intended to compose them?-command line interfaces\nin a composable way]
FAILED tests/evidence_quality_v2/test_readme_neutral_context.py::test_lookup_identical_to_original_is_not_a_new_requirement[What kind of interfaces does Pebble create, and how is it intended to compose them?-command line interfaces\nin a composable way]
FAILED tests/test_docs_service_part02.py::test_query_project_docs_attributes_generic_retrieval_hints_without_covering_original
FAILED tests/test_docs_service_part03.py::test_project_query_does_not_return_non_project_docs_with_same_terms
FAILED tests/test_project_context_quality_v2_protocol.py::test_v2_inventory_lock_witnesses_and_report_only_lanes
22 failed, 5277 passed, 10 skipped, 622 deselected, 47 warnings in 286.83s (0:04:46)
