{
  "groups": {
    "docs_answer": {
      "baseline_p95_ms": 2.897641,
      "candidate_p95_ms": 3.551901,
      "ratio": 1.2257905654979342,
      "status": "BASELINE_IDENTITY_OBSERVATION"
    },
    "patch_context": {
      "baseline_p95_ms": 2.647019,
      "candidate_p95_ms": 2.271219,
      "ratio": 0.8580289752359164,
      "status": "BASELINE_IDENTITY_OBSERVATION"
    }
  },
  "identity_candidate": true,
  "machine_identity": {
    "platform": "Linux-6.12.47-x86_64-with-glibc2.39",
    "python": "3.12.13"
  },
  "measured_repeats_per_case": 25,
  "protocol_sha256": "2a9725df3dd31ed09eea84cf16cc84d747b34856d5ce5fac9405b1d3695cb2de",
  "samples_ms": {
    "t39-adv-generated-catalog": [
      2.11636,
      2.259287,
      2.127166,
      2.026124,
      2.121111,
      2.096088,
      2.041946,
      2.004434,
      2.051226,
      2.142804,
      2.112612,
      2.268001,
      2.287428,
      6.154214,
      3.51447,
      4.312175,
      4.382216,
      3.354056,
      2.447386,
      3.239126,
      2.326625,
      2.426531,
      2.609859,
      2.078196,
      2.684624
    ],
    "t39-adv-legal-distractor": [
      2.328125,
      2.276737,
      2.283814,
      2.258271,
      2.163836,
      2.15115,
      2.149899,
      2.170588,
      2.22298,
      2.186925,
      2.141259,
      2.192202,
      2.230734,
      2.133722,
      2.134743,
      2.288675,
      2.129167,
      2.066239,
      2.093405,
      2.178696,
      5.086418,
      2.228226,
      2.249231,
      2.417836,
      2.235857
    ],
    "t39-adv-project-over-generic": [
      2.972686,
      2.327025,
      2.704298,
      2.520712,
      6.198126,
      3.173569,
      2.766873,
      2.648122,
      2.63376,
      2.342346,
      2.165011,
      2.185086,
      2.038456,
      2.085487,
      2.024178,
      2.050983,
      2.016862,
      2.076431,
      2.017532,
      2.047483,
      2.017249,
      2.108717,
      2.056316,
      2.031459,
      2.058144
    ],
    "t39-adv-stale-version": [
      1.811089,
      1.910077,
      1.844271,
      1.855597,
      1.818041,
      1.834353,
      1.847272,
      1.890241,
      1.833823,
      1.889915,
      1.915629,
      4.968102,
      2.106394,
      2.082801,
      2.05314,
      1.902213,
      1.913488,
      1.909197,
      1.924825,
      1.825922,
      1.747285,
      1.807377,
      1.815979,
      1.915808,
      1.724359
    ],
    "t39-adv-unversioned-mirror": [
      1.846426,
      1.852382,
      4.871181,
      1.941964,
      1.983675,
      1.926571,
      2.028459,
      1.877268,
      1.993066,
      1.769433,
      1.995169,
      2.712879,
      2.040662,
      1.869709,
      1.914757,
      1.78506,
      1.861449,
      2.049209,
      2.770986,
      2.809103,
      2.753528,
      1.856731,
      4.707693,
      2.035801,
      1.945648
    ],
    "t39-dev-cli": [
      2.559154,
      2.617169,
      3.280916,
      2.893916,
      2.988766,
      3.793426,
      3.207602,
      2.905395,
      3.4013,
      6.808035,
      1.942674,
      1.88308,
      1.84508,
      1.815759,
      1.845529,
      1.783566,
      1.710148,
      1.906248,
      1.756236,
      1.889616,
      1.679253,
      1.693164,
      1.710413,
      1.558355,
      1.745054
    ],
    "t39-dev-code-example": [
      2.955623,
      2.956034,
      2.871418,
      2.762115,
      2.868236,
      2.677899,
      2.682087,
      2.634538,
      2.57914,
      2.836211,
      5.230338,
      2.823586,
      2.78099,
      2.796514,
      2.866718,
      2.753823,
      2.787558,
      2.613524,
      2.612176,
      2.697878,
      2.715202,
      2.718524,
      4.958719,
      2.911971,
      2.887178
    ],
    "t39-dev-conceptual": [
      1.737211,
      1.633012,
      1.801131,
      1.702906,
      1.746398,
      1.674235,
      1.67707,
      1.751321,
      1.783055,
      1.861257,
      1.694928,
      5.620673,
      1.889698,
      1.8583,
      1.948773,
      1.809095,
      1.786393,
      1.762741,
      1.7569,
      1.898687,
      1.796639,
      1.613927,
      1.802013,
      1.761494,
      1.790035
    ],
    "t39-dev-configuration": [
      6.257974,
      2.107944,
      2.028884,
      2.045452,
      1.843513,
      2.020974,
      1.863362,
      1.951623,
      1.837472,
      1.856157,
      1.872801,
      1.891968,
      1.888403,
      2.979488,
      3.162645,
      3.142301,
      3.145433,
      3.269483,
      6.336146,
      2.255381,
      2.014559,
      2.024122,
      2.043904,
      2.14915,
      1.989665
    ],
    "t39-dev-error": [
      1.843198,
      6.700214,
      1.917335,
      2.017356,
      1.803806,
      1.809854,
      1.81305,
      1.777147,
      1.909326,
      1.779309,
      1.776295,
      1.700694,
      1.733767,
      1.864662,
      1.93683,
      1.792269,
      1.854708,
      1.819742,
      1.904709,
      1.830108,
      4.467896,
      1.909483,
      1.886449,
      1.824141,
      1.85851
    ],
    "t39-dev-exact-api": [
      1.825324,
      2.347688,
      2.374363,
      2.009499,
      2.0333,
      2.066557,
      2.006941,
      2.844785,
      3.238401,
      3.40853,
      3.597983,
      6.730373,
      2.402875,
      2.116991,
      2.042171,
      2.31225,
      1.937877,
      2.6078,
      1.893156,
      1.944163,
      1.961708,
      1.928004,
      2.24201,
      2.537333,
      3.551901
    ],
    "t39-holdout-cross-module": [
      2.308073,
      2.160432,
      2.263085,
      2.515821,
      2.378735,
      2.241853,
      2.149016,
      2.084957,
      4.202321,
      8.05376,
      2.51201,
      2.547939,
      2.529149,
      2.237061,
      2.334245,
      2.377155,
      2.708305,
      2.583118,
      2.131677,
      2.700856,
      2.055907,
      2.35758,
      2.605392,
      2.254153,
      2.585696
    ],
    "t39-holdout-insufficient": [
      1.122348,
      1.241868,
      1.127601,
      1.023099,
      1.088319,
      1.299393,
      1.345327,
      1.98951,
      1.371876,
      1.423195,
      1.110044,
      1.128615,
      1.035213,
      1.008128,
      1.085791,
      0.902423,
      0.980436,
      0.924668,
      1.000534,
      0.938804,
      1.027456,
      0.932149,
      0.947305,
      0.966187,
      1.011699
    ],
    "t39-holdout-project-policy": [
      2.669544,
      2.463751,
      2.493644,
      2.832153,
      2.30326,
      2.393801,
      2.38886,
      2.025153,
      2.403966,
      2.665896,
      2.257565,
      2.746148,
      2.133155,
      2.225204,
      1.9221,
      2.595895,
      2.309651,
      2.370115,
      5.847877,
      2.231134,
      2.503741,
      2.291914,
      2.337042,
      2.219368,
      2.036721
    ],
    "t39-holdout-russian": [
      3.005431,
      10.818346,
      3.314687,
      3.717099,
      3.51469,
      3.780887,
      3.426092,
      2.156732,
      2.213302,
      2.035351,
      2.480556,
      2.750658,
      2.686551,
      2.714748,
      2.772786,
      2.632418,
      2.648378,
      2.848716,
      2.572791,
      2.485848,
      2.518567,
      2.704239,
      2.518742,
      4.999379,
      12.749119
    ],
    "t39-holdout-version": [
      1.895393,
      1.956946,
      1.84641,
      1.822454,
      1.891724,
      2.477708,
      3.212194,
      3.059468,
      3.145721,
      3.070535,
      6.038084,
      2.061886,
      1.961328,
      1.929724,
      1.871319,
      2.140464,
      1.958571,
      1.906547,
      1.792675,
      1.761778,
      1.832411,
      1.797858,
      1.807812,
      2.120935,
      3.566873
    ],