{
  "groups": {
    "docs_answer": {
      "baseline_p95_ms": 4.413317,
      "candidate_p95_ms": 3.344239,
      "ratio": 0.7577608859730673,
      "status": "PAIRED_CANDIDATE_OBSERVATION"
    },
    "patch_context": {
      "baseline_p95_ms": 2.507959,
      "candidate_p95_ms": 2.266544,
      "ratio": 0.9037404518973396,
      "status": "PAIRED_CANDIDATE_OBSERVATION"
    }
  },
  "identity_candidate": false,
  "machine_identity": {
    "platform": "Linux-6.12.47-x86_64-with-glibc2.39",
    "python": "3.12.13"
  },
  "measured_repeats_per_case": 25,
  "protocol_sha256": "2a9725df3dd31ed09eea84cf16cc84d747b34856d5ce5fac9405b1d3695cb2de",
  "samples_ms": {
    "t39-adv-generated-catalog": [
      2.695762,
      2.350966,
      3.866157,
      4.407478,
      3.564314,
      2.283278,
      2.824193,
      2.59193,
      5.571641,
      2.220219,
      2.301801,
      2.182338,
      2.439227,
      2.248474,
      2.106026,
      2.175673,
      1.99941,
      2.156305,
      1.995883,
      2.050026,
      2.022842,
      2.167543,
      2.08203,
      1.970182,
      1.992655
    ],
    "t39-adv-legal-distractor": [
      1.966159,
      2.120051,
      1.951259,
      2.017014,
      1.899447,
      1.964111,
      1.905849,
      1.984581,
      1.872991,
      2.050338,
      1.889715,
      1.892729,
      1.903251,
      1.917525,
      1.940328,
      1.890169,
      1.909765,
      1.969277,
      5.08247,
      2.066936,
      2.033425,
      2.033032,
      2.095214,
      2.034799,
      2.055278
    ],
    "t39-adv-project-over-generic": [
      5.983176,
      2.216384,
      2.301016,
      2.110551,
      2.113234,
      2.222975,
      2.122727,
      2.151801,
      2.10011,
      2.040192,
      2.055094,
      2.025693,
      2.06735,
      1.999562,
      2.11963,
      2.195597,
      2.088418,
      2.130132,
      1.963799,
      2.174938,
      2.014776,
      4.891664,
      2.260804,
      2.166505,
      2.173674
    ],
    "t39-adv-stale-version": [
      1.961718,
      1.721202,
      2.560828,
      2.369083,
      3.348255,
      3.642529,
      4.465693,
      3.48267,
      2.560608,
      6.886894,
      2.28295,
      2.557561,
      2.464695,
      2.122348,
      2.197746,
      3.419968,
      2.468496,
      2.406656,
      2.960504,
      3.472317,
      3.508076,
      2.315125,
      2.295083,
      2.14283,
      2.468036
    ],
    "t39-adv-unversioned-mirror": [
      2.13514,
      1.962704,
      2.107443,
      2.093497,
      2.010548,
      2.151848,
      2.087433,
      2.289874,
      2.222368,
      2.578351,
      2.280181,
      2.262308,
      2.373125,
      2.254745,
      2.709666,
      2.786519,
      2.262635,
      2.924039,
      5.392439,
      2.721317,
      2.783684,
      2.562419,
      3.038403,
      2.314511,
      2.217941
    ],
    "t39-dev-cli": [
      2.311731,
      2.995288,
      3.555128,
      3.176565,
      2.973913,
      2.92967,
      3.126317,
      6.404586,
      2.121028,
      1.976514,
      2.088323,
      1.841122,
      2.123211,
      1.787381,
      1.77782,
      1.742325,
      1.873597,
      1.83851,
      1.923176,
      1.728607,
      1.79414,
      1.801949,
      1.745081,
      1.947454,
      1.679283
    ],
    "t39-dev-code-example": [
      2.832533,
      2.752098,
      2.821004,
      2.799629,
      2.798349,
      2.699112,
      2.654353,
      2.730855,
      5.669792,
      2.797006,
      2.744637,
      2.84843,
      2.733578,
      2.732444,
      2.722336,
      2.618624,
      2.601486,
      2.693544,
      2.617015,
      4.341854,
      2.879949,
      3.140801,
      2.99789,
      2.726003,
      3.01422
    ],
    "t39-dev-conceptual": [
      1.719905,
      1.794688,
      1.69576,
      1.694155,
      1.80302,
      1.676792,
      1.70386,
      2.044876,
      1.849186,
      5.740277,
      1.921025,
      1.848999,
      1.822507,
      1.721617,
      1.920508,
      1.797256,
      1.918251,
      2.036651,
      2.033704,
      1.948723,
      2.101387,
      1.731859,
      1.738151,
      1.78869,
      1.809627
    ],
    "t39-dev-configuration": [
      3.023769,
      3.24277,
      2.622412,
      2.008496,
      1.963809,
      1.912052,
      1.81181,
      1.925191,
      1.813005,
      2.225019,
      2.723087,
      1.904953,
      2.349233,
      3.217111,
      3.344239,
      3.341584,
      2.999477,
      5.885605,
      2.13596,
      1.926153,
      2.096543,
      2.802305,
      2.75317,
      2.427862,
      1.839652
    ],
    "t39-dev-error": [
      2.044037,
      1.826539,
      1.983692,
      1.824246,
      1.827747,
      1.849837,
      1.794558,
      1.735024,
      1.779133,
      1.846227,
      1.801462,
      1.846454,
      1.865347,
      1.833465,
      1.812655,
      1.894691,
      1.76933,
      1.734385,
      4.389235,
      1.864938,
      1.926255,
      1.848701,
      1.814735,
      1.752435,
      1.87291
    ],
    "t39-dev-exact-api": [
      1.971999,
      1.901661,
      1.946547,
      1.850708,
      1.822383,
      1.932137,
      2.051749,
      2.851943,
      2.970638,
      3.973263,
      3.067856,
      6.420715,
      2.078529,
      2.097217,
      2.12248,
      2.112982,
      2.002067,
      1.925897,
      1.894974,
      1.896394,
      1.93015,
      1.879527,
      1.888002,
      1.8866,
      2.380365
    ],
    "t39-holdout-cross-module": [
      1.885816,
      1.810029,
      1.844891,
      5.086191,
      2.156435,
      2.297488,
      1.856733,
      2.265315,
      1.90042,
      1.9076,
      1.825441,
      1.880145,
      1.847679,
      1.894534,
      1.860725,
      1.736268,
      1.724708,
      1.706693,
      1.780363,
      1.731372,
      1.757654,
      1.771623,
      1.742339,
      1.803527,
      1.754662
    ],
    "t39-holdout-insufficient": [
      0.876268,
      0.949465,
      0.969389,
      1.049545,
      0.898043,
      0.912918,
      0.961421,
      0.928627,
      0.898622,
      0.923277,
      1.02881,
      1.133959,
      0.884049,
      0.962274,
      0.942859,
      0.953733,
      0.897437,
      0.914788,
      0.991446,
      0.993776,
      0.880187,
      0.898287,
      0.895251,
      1.083014,
      0.92439
    ],
    "t39-holdout-project-policy": [
      1.839717,
      1.835489,
      1.874037,
      1.820668,
      1.800709,
      1.922395,
      2.019184,
      1.940133,
      1.891706,
      1.84935,
      1.82975,
      1.845923,
      4.67697,
      1.96735,
      1.944349,
      1.963935,
      1.956665,
      1.850795,
      1.891242,
      1.803466,
      1.821635,
      1.807441,
      1.898516,
      1.954054,
      1.858834
    ],
    "t39-holdout-russian": [
      1.999946,
      2.070117,
      2.049001,
      2.10692,
      2.032581,
      2.033147,
      1.979484,
      2.027111,
      2.043722,
      2.047528,
      2.038242,
      1.956135,
      2.088521,
      2.030684,
      2.077741,
      1.935796,
      2.104905,
      1.890065,
      1.964696,
      5.022183,
      2.172623,
      2.102475,
      2.081592,
      2.034988,
      2.226681
    ],
    "t39-holdout-version": [
      1.792847,
      1.851199,
      1.772085,
      1.822188,
      1.737755,
      4.072645,
      2.076864,
      1.945892,
      1.904843,
      1.810824,
      1.853682,
      1.951664,
      1.970602,
      1.815856,
      1.781807,
      1.804907,
      2.093078,
      1.889462,
      1.852144,
      1.860011,
      1.891079,
      1.965682,
      1.878027,
      4.358299,
      2.025327
    ],