{
  "groups": {
    "docs_answer": {
      "baseline_p95_ms": 3.165546,
      "candidate_p95_ms": 3.070084,
      "ratio": 0.9698434330128199,
      "status": "PAIRED_CANDIDATE_OBSERVATION"
    },
    "patch_context": {
      "baseline_p95_ms": 2.38763,
      "candidate_p95_ms": 2.507075,
      "ratio": 1.0500265954105117,
      "status": "PAIRED_CANDIDATE_OBSERVATION"
    }
  },
  "identity_candidate": false,
  "machine_identity": {
    "platform": "Linux-6.12.47-x86_64-with-glibc2.39",
    "python": "3.12.13"
  },
  "measured_repeats_per_case": 25,
  "measurement_mode": "paired_same_process",
  "process_identity": {
    "baseline_pid": 6,
    "candidate_pid": 6
  },
  "protocol_sha256": "2a9725df3dd31ed09eea84cf16cc84d747b34856d5ce5fac9405b1d3695cb2de",
  "samples_ms": {
    "t39-adv-generated-catalog": [
      2.008359,
      2.07281,
      2.001647,
      2.136036,
      1.999984,
      2.149188,
      2.030715,
      4.550368,
      2.164754,
      2.304966,
      2.160305,
      2.160257,
      2.003659,
      2.229266,
      2.017639,
      2.038983,
      2.004482,
      2.014457,
      2.056368,
      2.122152,
      2.06954,
      2.102756,
      3.070084,
      2.391902,
      2.405011
    ],
    "t39-adv-legal-distractor": [
      1.918116,
      2.164338,
      1.947831,
      2.076722,
      1.971207,
      2.047363,
      1.930636,
      1.986683,
      1.960072,
      2.006054,
      1.925926,
      2.403761,
      2.33604,
      2.403431,
      2.654231,
      3.209526,
      2.605675,
      2.328939,
      5.443455,
      3.380013,
      2.980781,
      2.619994,
      2.699623,
      2.59575,
      2.330097
    ],
    "t39-adv-project-over-generic": [
      2.464793,
      2.491358,
      2.368792,
      2.194238,
      2.17047,
      2.179728,
      2.298136,
      2.188243,
      2.166881,
      2.147763,
      2.248712,
      2.172819,
      2.292525,
      2.435984,
      2.333522,
      2.189326,
      2.381548,
      2.29005,
      2.231718,
      2.31628,
      5.211064,
      2.395982,
      2.329759,
      2.143364,
      2.368947
    ],
    "t39-adv-stale-version": [
      2.472033,
      2.443594,
      2.851418,
      3.206291,
      2.300381,
      2.284155,
      2.176546,
      2.462929,
      2.681419,
      6.327841,
      2.321304,
      2.399231,
      2.479172,
      2.22299,
      2.378675,
      2.350053,
      1.938942,
      2.0306,
      1.932391,
      1.918709,
      1.882755,
      1.910134,
      1.765308,
      1.84331,
      1.839662
    ],
    "t39-adv-unversioned-mirror": [
      2.853584,
      2.47542,
      2.598375,
      2.275493,
      1.876974,
      1.919838,
      1.943532,
      1.916527,
      1.938283,
      2.175815,
      1.958778,
      1.992821,
      1.947882,
      1.936256,
      1.836711,
      2.077121,
      2.368795,
      4.137975,
      2.058266,
      1.911802,
      1.904941,
      1.915018,
      1.889046,
      2.084666,
      1.913404
    ],
    "t39-dev-cli": [
      2.199001,
      1.711674,
      1.723954,
      1.705486,
      1.746989,
      2.724498,
      4.922042,
      8.65887,
      2.912914,
      2.86258,
      2.737462,
      2.657092,
      2.673242,
      2.211907,
      1.727285,
      2.388067,
      2.659622,
      2.724127,
      2.529163,
      1.862177,
      1.804937,
      1.764153,
      1.731787,
      1.692287,
      1.655619
    ],
    "t39-dev-code-example": [
      3.371419,
      2.831534,
      3.068296,
      2.818486,
      2.825949,
      3.919764,
      4.066136,
      2.786952,
      4.653246,
      2.887005,
      2.799242,
      2.902137,
      2.755286,
      2.786105,
      2.69653,
      2.680587,
      2.733879,
      2.700147,
      2.786404,
      4.236655,
      2.944652,
      2.706072,
      2.855932,
      2.758736,
      2.798766
    ],
    "t39-dev-conceptual": [
      2.769163,
      1.966592,
      2.156174,
      2.169848,
      2.12713,
      1.905608,
      1.798226,
      1.668452,
      1.788411,
      5.076564,
      1.865848,
      1.889928,
      1.849176,
      1.789431,
      1.671112,
      1.712287,
      1.807336,
      1.914521,
      1.832784,
      1.836047,
      1.749406,
      1.773239,
      1.892725,
      1.747533,
      1.823822
    ],
    "t39-dev-configuration": [
      2.407226,
      2.523266,
      1.935566,
      1.879026,
      1.898138,
      2.130887,
      2.089644,
      1.897524,
      1.856469,
      1.835934,
      1.841504,
      1.846697,
      1.837302,
      1.776641,
      1.970888,
      1.869982,
      2.8275,
      4.629205,
      2.055512,
      2.766143,
      2.894186,
      1.976946,
      1.967205,
      2.011421,
      1.92022
    ],
    "t39-dev-error": [
      1.922642,
      1.892149,
      1.980938,
      3.066998,
      2.713034,
      2.66925,
      2.971214,
      3.672386,
      5.272412,
      3.190296,
      2.935454,
      2.529707,
      2.877358,
      2.093053,
      2.281831,
      2.44658,
      1.926341,
      2.418902,
      5.78182,
      2.208984,
      2.278076,
      2.020719,
      1.979663,
      2.516483,
      2.445736
    ],
    "t39-dev-exact-api": [
      1.879321,
      1.806214,
      1.87533,
      1.756341,
      1.849805,
      1.877755,
      2.351953,
      1.902887,
      2.09786,
      3.035906,
      3.188669,
      7.497866,
      2.937668,
      1.968775,
      2.254472,
      2.270366,
      2.354002,
      1.891573,
      1.840897,
      1.996812,
      1.885987,
      2.678585,
      2.577002,
      1.877975,
      1.894095
    ],
    "t39-holdout-cross-module": [
      1.777921,
      1.772295,
      5.82126,
      1.88567,
      1.987921,
      1.953574,
      1.795437,
      1.794034,
      1.804246,
      1.770152,
      1.984937,
      1.802919,
      1.800833,
      1.858706,
      1.990784,
      1.979225,
      1.872396,
      1.90925,
      2.019741,
      2.106012,
      2.072748,
      1.944682,
      1.960361,
      3.926923,
      4.136219
    ],
    "t39-holdout-insufficient": [
      0.921134,
      0.969914,
      0.972002,
      1.024895,
      0.900351,
      0.973614,
      0.989463,
      1.017965,
      0.924198,
      1.004357,
      1.044215,
      1.11175,
      1.07703,
      1.193689,
      1.253583,
      1.019876,
      1.040774,
      1.032169,
      0.975755,
      0.886825,
      0.938381,
      0.952553,
      0.965514,
      0.921837,
      0.871697
    ],
    "t39-holdout-project-policy": [
      1.817927,
      1.791595,
      1.903329,
      1.754322,
      1.837861,
      1.729167,
      1.762952,
      1.781393,
      1.756689,
      1.788251,
      1.835526,
      1.911817,
      4.593295,
      2.665507,
      1.992096,
      1.983063,
      1.920939,
      1.840883,
      1.941825,
      1.848316,
      1.952947,
      1.949709,
      1.966649,
      1.856774,
      1.971744
    ],
    "t39-holdout-russian": [
      2.078923,
      2.032165,
      2.005473,
      2.164282,
      2.109492,
      2.150603,
      1.914368,
      2.015538,
      2.195225,
      2.068603,
      2.204299,
      2.141323,
      2.270794,
      2.19914,
      2.113984,
      2.122477,
      1.94492,
      2.155448,
      1.991781,
      5.21359,
      2.258636,
      2.170448,
      2.056189,
      1.966368,
      1.969256
    ],
    "t39-holdout-version": [
      1.990273,
      2.003443,
      1.947081,
      1.900206,
      1.903197,
      4.102948,
      2.000675,
      1.986859,
      1.907025,
      2.096852,
      2.025009,
      1.888659,
      1.871786,
      1.913319,
      1.921135,
      1.950954,
      1.904286,
      2.125669,
      1.8495,
      2.036344,
      1.90307,
      1.909651,
      1.993111,
      4.429226,
      2.039544
    ],